model,task,metric,layer,init,n_seeds,pre_mean,rnd_mean,mean,delta,ci_lo,ci_hi,q_value,per_seed_delta
qwen3_8b_base,P10_changepoint_location,balanced_accuracy,n/a,handcrafted,18,,,0.1859,,,,,
qwen3_8b_base,P10_changepoint_location,macro_f1,n/a,handcrafted,18,,,0.1824,,,,,
qwen3_8b_base,P1_trend_direction,balanced_accuracy,n/a,handcrafted,18,,,0.4849,,,,,
qwen3_8b_base,P1_trend_direction,macro_f1,n/a,handcrafted,18,,,0.4841,,,,,
qwen3_8b_base,P2_trend_strength,balanced_accuracy,n/a,handcrafted,18,,,0.4258,,,,,
qwen3_8b_base,P2_trend_strength,macro_f1,n/a,handcrafted,18,,,0.4253,,,,,
qwen3_8b_base,P2b_trend_strength_reg,r2,n/a,handcrafted,18,,,0.319,,,,,
qwen3_8b_base,P2b_trend_strength_reg,nmae,n/a,handcrafted,18,,,0.6699,,,,,
qwen3_8b_base,P3_periodicity_present,balanced_accuracy,n/a,handcrafted,18,,,0.9986,,,,,
qwen3_8b_base,P3_periodicity_present,macro_f1,n/a,handcrafted,18,,,0.999,,,,,
qwen3_8b_base,P4_dominant_period,balanced_accuracy,n/a,handcrafted,18,,,0.977,,,,,
qwen3_8b_base,P4_dominant_period,macro_f1,n/a,handcrafted,18,,,0.9772,,,,,
qwen3_8b_base,P4b_dominant_period_reg,r2,n/a,handcrafted,18,,,0.9213,,,,,
qwen3_8b_base,P4b_dominant_period_reg,nmae,n/a,handcrafted,18,,,0.2233,,,,,
qwen3_8b_base,P5_local_dependence,balanced_accuracy,n/a,handcrafted,18,,,0.5555,,,,,
qwen3_8b_base,P5_local_dependence,macro_f1,n/a,handcrafted,18,,,0.5362,,,,,
qwen3_8b_base,P5b_local_dependence_reg,r2,n/a,handcrafted,18,,,0.6624,,,,,
qwen3_8b_base,P5b_local_dependence_reg,nmae,n/a,handcrafted,18,,,0.4572,,,,,
qwen3_8b_base,P6_noise_level,balanced_accuracy,n/a,handcrafted,18,,,0.5013,,,,,
qwen3_8b_base,P6_noise_level,macro_f1,n/a,handcrafted,18,,,0.4413,,,,,
qwen3_8b_base,P7_anomaly_present,balanced_accuracy,n/a,handcrafted,18,,,0.7292,,,,,
qwen3_8b_base,P7_anomaly_present,macro_f1,n/a,handcrafted,18,,,0.7283,,,,,
qwen3_8b_base,P8_anomaly_location,balanced_accuracy,n/a,handcrafted,18,,,0.1508,,,,,
qwen3_8b_base,P8_anomaly_location,macro_f1,n/a,handcrafted,18,,,0.1364,,,,,
qwen3_8b_base,P9_changepoint_present,balanced_accuracy,n/a,handcrafted,18,,,0.8581,,,,,
qwen3_8b_base,P9_changepoint_present,macro_f1,n/a,handcrafted,18,,,0.858,,,,,
qwen3_8b_base,P10_changepoint_location,balanced_accuracy,L1,pretrained_minus_random,3,0.2838,0.3714,0.2838,-0.0875,-0.1358,-0.0342,,s7:-0.136;s17:-0.034;s27:-0.093
qwen3_8b_base,P10_changepoint_location,macro_f1,L1,pretrained_minus_random,3,0.2673,0.3584,0.2673,-0.0911,-0.1315,-0.038,,s7:-0.131;s17:-0.038;s27:-0.104
qwen3_8b_base,P1_trend_direction,balanced_accuracy,L1,pretrained_minus_random,3,1.0,1.0,1.0,0.0,0.0,0.0,,s7:+0.000;s17:+0.000;s27:+0.000
qwen3_8b_base,P1_trend_direction,macro_f1,L1,pretrained_minus_random,3,1.0,1.0,1.0,0.0,0.0,0.0,,s7:+0.000;s17:+0.000;s27:+0.000
qwen3_8b_base,P2_trend_strength,balanced_accuracy,L1,pretrained_minus_random,3,0.324,0.34,0.324,-0.016,-0.0576,0.0077,,s7:-0.058;s17:+0.008;s27:+0.002
qwen3_8b_base,P2_trend_strength,macro_f1,L1,pretrained_minus_random,3,0.3124,0.3356,0.3124,-0.0232,-0.0698,0.0063,,s7:-0.070;s17:-0.006;s27:+0.006
qwen3_8b_base,P2b_trend_strength_reg,r2,L1,pretrained_minus_random,3,-0.142,-0.7596,-0.142,0.6176,0.0842,0.9713,,s7:+0.797;s17:+0.971;s27:+0.084
qwen3_8b_base,P2b_trend_strength_reg,nmae,L1,pretrained_minus_random,3,0.877,1.0607,0.877,-0.1837,-0.2738,-0.0232,,s7:-0.254;s17:-0.274;s27:-0.023
qwen3_8b_base,P3_periodicity_present,balanced_accuracy,L1,pretrained_minus_random,3,0.9521,0.9542,0.9521,-0.0021,-0.0167,0.0125,,s7:-0.017;s17:-0.002;s27:+0.012
qwen3_8b_base,P3_periodicity_present,macro_f1,L1,pretrained_minus_random,3,0.9437,0.9486,0.9437,-0.0048,-0.0238,0.0151,,s7:-0.024;s17:-0.006;s27:+0.015
qwen3_8b_base,P4_dominant_period,balanced_accuracy,L1,pretrained_minus_random,3,0.2102,0.2489,0.2102,-0.0387,-0.1031,0.0012,,s7:+0.001;s17:-0.014;s27:-0.103
qwen3_8b_base,P4_dominant_period,macro_f1,L1,pretrained_minus_random,3,0.2059,0.2457,0.2059,-0.0397,-0.1082,0.0016,,s7:+0.002;s17:-0.013;s27:-0.108
qwen3_8b_base,P4b_dominant_period_reg,r2,L1,pretrained_minus_random,3,0.0389,-0.4763,0.0389,0.5152,0.309,0.8847,,s7:+0.352;s17:+0.885;s27:+0.309
qwen3_8b_base,P4b_dominant_period_reg,nmae,L1,pretrained_minus_random,3,0.7675,0.9547,0.7675,-0.1872,-0.2775,-0.1326,,s7:-0.151;s17:-0.277;s27:-0.133
qwen3_8b_base,P5_local_dependence,balanced_accuracy,L1,pretrained_minus_random,3,0.278,0.2877,0.278,-0.0096,-0.0585,0.0824,,s7:-0.053;s17:-0.058;s27:+0.082
qwen3_8b_base,P5_local_dependence,macro_f1,L1,pretrained_minus_random,3,0.2669,0.2857,0.2669,-0.0188,-0.0616,0.0654,,s7:-0.062;s17:-0.060;s27:+0.065
qwen3_8b_base,P5b_local_dependence_reg,r2,L1,pretrained_minus_random,3,-0.296,-1.0545,-0.296,0.7584,0.516,1.0048,,s7:+0.516;s17:+0.754;s27:+1.005
qwen3_8b_base,P5b_local_dependence_reg,nmae,L1,pretrained_minus_random,3,0.9412,1.1629,0.9412,-0.2217,-0.3173,-0.111,,s7:-0.111;s17:-0.237;s27:-0.317
qwen3_8b_base,P6_noise_level,balanced_accuracy,L1,pretrained_minus_random,3,0.3527,0.426,0.3527,-0.0733,-0.0886,-0.0634,,s7:-0.089;s17:-0.063;s27:-0.068
qwen3_8b_base,P6_noise_level,macro_f1,L1,pretrained_minus_random,3,0.3055,0.4223,0.3055,-0.1168,-0.1205,-0.1123,,s7:-0.121;s17:-0.112;s27:-0.118
qwen3_8b_base,P7_anomaly_present,balanced_accuracy,L1,pretrained_minus_random,3,0.569,0.569,0.569,-0.0,-0.1172,0.0898,,s7:-0.117;s17:+0.090;s27:+0.027
qwen3_8b_base,P7_anomaly_present,macro_f1,L1,pretrained_minus_random,3,0.568,0.5681,0.568,-0.0,-0.117,0.0896,,s7:-0.117;s17:+0.090;s27:+0.027
qwen3_8b_base,P8_anomaly_location,balanced_accuracy,L1,pretrained_minus_random,3,0.1649,0.1808,0.1649,-0.0159,-0.0963,0.0383,,s7:+0.038;s17:+0.010;s27:-0.096
qwen3_8b_base,P8_anomaly_location,macro_f1,L1,pretrained_minus_random,3,0.1615,0.1804,0.1615,-0.0189,-0.0887,0.0239,,s7:+0.024;s17:+0.008;s27:-0.089
qwen3_8b_base,P9_changepoint_present,balanced_accuracy,L1,pretrained_minus_random,3,0.9245,0.9362,0.9245,-0.0117,-0.0234,-0.0039,,s7:-0.004;s17:-0.008;s27:-0.023
qwen3_8b_base,P9_changepoint_present,macro_f1,L1,pretrained_minus_random,3,0.9243,0.936,0.9243,-0.0117,-0.0234,-0.0038,,s7:-0.004;s17:-0.008;s27:-0.023
qwen3_8b_base,P10_changepoint_location,balanced_accuracy,p25,pretrained_minus_random,3,0.3275,0.3185,0.3275,0.009,-0.0442,0.0739,,s7:-0.003;s17:-0.044;s27:+0.074
qwen3_8b_base,P10_changepoint_location,macro_f1,p25,pretrained_minus_random,3,0.3144,0.3082,0.3144,0.0062,-0.0396,0.0503,,s7:+0.008;s17:-0.040;s27:+0.050
qwen3_8b_base,P1_trend_direction,balanced_accuracy,p25,pretrained_minus_random,3,1.0,1.0,1.0,0.0,0.0,0.0,,s7:+0.000;s17:+0.000;s27:+0.000
qwen3_8b_base,P1_trend_direction,macro_f1,p25,pretrained_minus_random,3,1.0,1.0,1.0,0.0,0.0,0.0,,s7:+0.000;s17:+0.000;s27:+0.000
qwen3_8b_base,P2_trend_strength,balanced_accuracy,p25,pretrained_minus_random,3,0.3643,0.3497,0.3643,0.0146,-0.0232,0.0443,,s7:+0.023;s17:+0.044;s27:-0.023
qwen3_8b_base,P2_trend_strength,macro_f1,p25,pretrained_minus_random,3,0.354,0.3422,0.354,0.0117,-0.0187,0.0396,,s7:+0.014;s17:+0.040;s27:-0.019
qwen3_8b_base,P2b_trend_strength_reg,r2,p25,pretrained_minus_random,3,-0.0976,-0.2622,-0.0976,0.1647,-0.1058,0.4613,,s7:+0.139;s17:+0.461;s27:-0.106
qwen3_8b_base,P2b_trend_strength_reg,nmae,p25,pretrained_minus_random,3,0.8417,0.9089,0.8417,-0.0672,-0.1769,0.0238,,s7:-0.049;s17:-0.177;s27:+0.024
qwen3_8b_base,P3_periodicity_present,balanced_accuracy,p25,pretrained_minus_random,3,0.9757,0.9771,0.9757,-0.0014,-0.0083,0.0042,,s7:-0.008;s17:+0.000;s27:+0.004
qwen3_8b_base,P3_periodicity_present,macro_f1,p25,pretrained_minus_random,3,0.978,0.9751,0.978,0.0029,-0.0035,0.0061,,s7:-0.004;s17:+0.006;s27:+0.006
qwen3_8b_base,P4_dominant_period,balanced_accuracy,p25,pretrained_minus_random,3,0.601,0.4541,0.601,0.1469,0.0897,0.1947,,s7:+0.195;s17:+0.156;s27:+0.090
qwen3_8b_base,P4_dominant_period,macro_f1,p25,pretrained_minus_random,3,0.594,0.4556,0.594,0.1384,0.0811,0.1896,,s7:+0.190;s17:+0.145;s27:+0.081
qwen3_8b_base,P4b_dominant_period_reg,r2,p25,pretrained_minus_random,3,0.9385,0.7406,0.9385,0.1979,0.1848,0.2134,,s7:+0.195;s17:+0.185;s27:+0.213
qwen3_8b_base,P4b_dominant_period_reg,nmae,p25,pretrained_minus_random,3,0.1927,0.4097,0.1927,-0.217,-0.2354,-0.2013,,s7:-0.214;s17:-0.201;s27:-0.235
qwen3_8b_base,P5_local_dependence,balanced_accuracy,p25,pretrained_minus_random,3,0.4843,0.3442,0.4843,0.1401,0.1251,0.1623,,s7:+0.162;s17:+0.133;s27:+0.125
qwen3_8b_base,P5_local_dependence,macro_f1,p25,pretrained_minus_random,3,0.4745,0.3376,0.4745,0.1369,0.1255,0.1563,,s7:+0.156;s17:+0.129;s27:+0.125
qwen3_8b_base,P5b_local_dependence_reg,r2,p25,pretrained_minus_random,3,0.34,-0.144,0.34,0.484,0.2367,0.6774,,s7:+0.237;s17:+0.538;s27:+0.677
qwen3_8b_base,P5b_local_dependence_reg,nmae,p25,pretrained_minus_random,3,0.6408,0.8642,0.6408,-0.2234,-0.2938,-0.1446,,s7:-0.145;s17:-0.232;s27:-0.294
qwen3_8b_base,P6_noise_level,balanced_accuracy,p25,pretrained_minus_random,3,0.4703,0.4591,0.4703,0.0113,-0.0118,0.0286,,s7:+0.029;s17:+0.017;s27:-0.012
qwen3_8b_base,P6_noise_level,macro_f1,p25,pretrained_minus_random,3,0.4639,0.4555,0.4639,0.0084,-0.0105,0.0188,,s7:+0.017;s17:+0.019;s27:-0.010
qwen3_8b_base,P7_anomaly_present,balanced_accuracy,p25,pretrained_minus_random,3,0.737,0.5573,0.737,0.1797,0.1758,0.1836,,s7:+0.180;s17:+0.176;s27:+0.184
qwen3_8b_base,P7_anomaly_present,macro_f1,p25,pretrained_minus_random,3,0.7361,0.556,0.7361,0.1801,0.1773,0.1842,,s7:+0.179;s17:+0.177;s27:+0.184
qwen3_8b_base,P8_anomaly_location,balanced_accuracy,p25,pretrained_minus_random,3,0.1539,0.1734,0.1539,-0.0196,-0.079,0.039,,s7:+0.039;s17:-0.079;s27:-0.019
qwen3_8b_base,P8_anomaly_location,macro_f1,p25,pretrained_minus_random,3,0.1563,0.1712,0.1563,-0.0149,-0.0692,0.0454,,s7:+0.045;s17:-0.069;s27:-0.021
qwen3_8b_base,P9_changepoint_present,balanced_accuracy,p25,pretrained_minus_random,3,0.9648,0.9466,0.9648,0.0182,0.0,0.0273,,s7:+0.027;s17:+0.000;s27:+0.027
qwen3_8b_base,P9_changepoint_present,macro_f1,p25,pretrained_minus_random,3,0.9648,0.9465,0.9648,0.0183,0.0,0.0275,,s7:+0.027;s17:+0.000;s27:+0.027
qwen3_8b_base,P10_changepoint_location,balanced_accuracy,p50,pretrained_minus_random,3,0.3426,0.3408,0.3426,0.0018,-0.0832,0.0532,,s7:+0.035;s17:+0.053;s27:-0.083
qwen3_8b_base,P10_changepoint_location,macro_f1,p50,pretrained_minus_random,3,0.3423,0.3344,0.3423,0.0079,-0.0742,0.0625,,s7:+0.036;s17:+0.063;s27:-0.074
qwen3_8b_base,P1_trend_direction,balanced_accuracy,p50,pretrained_minus_random,3,1.0,1.0,1.0,0.0,0.0,0.0,,s7:+0.000;s17:+0.000;s27:+0.000
qwen3_8b_base,P1_trend_direction,macro_f1,p50,pretrained_minus_random,3,1.0,1.0,1.0,0.0,0.0,0.0,,s7:+0.000;s17:+0.000;s27:+0.000
qwen3_8b_base,P2_trend_strength,balanced_accuracy,p50,pretrained_minus_random,3,0.3751,0.3355,0.3751,0.0397,0.0225,0.0548,,s7:+0.023;s17:+0.042;s27:+0.055
qwen3_8b_base,P2_trend_strength,macro_f1,p50,pretrained_minus_random,3,0.3698,0.325,0.3698,0.0448,0.0182,0.0611,,s7:+0.018;s17:+0.055;s27:+0.061
qwen3_8b_base,P2b_trend_strength_reg,r2,p50,pretrained_minus_random,3,-0.1918,-0.2247,-0.1918,0.0329,-0.0292,0.1488,,s7:-0.029;s17:+0.149;s27:-0.021
qwen3_8b_base,P2b_trend_strength_reg,nmae,p50,pretrained_minus_random,3,0.8448,0.9011,0.8448,-0.0563,-0.0989,-0.0043,,s7:-0.004;s17:-0.099;s27:-0.066
qwen3_8b_base,P3_periodicity_present,balanced_accuracy,p50,pretrained_minus_random,3,0.9792,0.9778,0.9792,0.0014,-0.0063,0.0104,,s7:+0.000;s17:+0.010;s27:-0.006
qwen3_8b_base,P3_periodicity_present,macro_f1,p50,pretrained_minus_random,3,0.9802,0.9761,0.9802,0.0041,-0.0062,0.0155,,s7:+0.003;s17:+0.015;s27:-0.006
qwen3_8b_base,P4_dominant_period,balanced_accuracy,p50,pretrained_minus_random,3,0.7976,0.4815,0.7976,0.3161,0.2846,0.373,,s7:+0.285;s17:+0.373;s27:+0.291
qwen3_8b_base,P4_dominant_period,macro_f1,p50,pretrained_minus_random,3,0.7953,0.4812,0.7953,0.314,0.2831,0.3708,,s7:+0.283;s17:+0.371;s27:+0.288
qwen3_8b_base,P4b_dominant_period_reg,r2,p50,pretrained_minus_random,3,0.9645,0.6984,0.9645,0.2662,0.2298,0.3,,s7:+0.269;s17:+0.230;s27:+0.300
qwen3_8b_base,P4b_dominant_period_reg,nmae,p50,pretrained_minus_random,3,0.1443,0.4406,0.1443,-0.2962,-0.3291,-0.278,,s7:-0.282;s17:-0.278;s27:-0.329
qwen3_8b_base,P5_local_dependence,balanced_accuracy,p50,pretrained_minus_random,3,0.4529,0.348,0.4529,0.1049,0.0802,0.14,,s7:+0.140;s17:+0.080;s27:+0.094
qwen3_8b_base,P5_local_dependence,macro_f1,p50,pretrained_minus_random,3,0.4465,0.3421,0.4465,0.1044,0.0771,0.1428,,s7:+0.143;s17:+0.077;s27:+0.093
qwen3_8b_base,P5b_local_dependence_reg,r2,p50,pretrained_minus_random,3,0.3517,-0.0365,0.3517,0.3882,0.269,0.5207,,s7:+0.269;s17:+0.375;s27:+0.521
qwen3_8b_base,P5b_local_dependence_reg,nmae,p50,pretrained_minus_random,3,0.6288,0.8305,0.6288,-0.2017,-0.2459,-0.1633,,s7:-0.163;s17:-0.196;s27:-0.246
qwen3_8b_base,P6_noise_level,balanced_accuracy,p50,pretrained_minus_random,3,0.516,0.4577,0.516,0.0583,0.0171,0.0828,,s7:+0.083;s17:+0.017;s27:+0.075
qwen3_8b_base,P6_noise_level,macro_f1,p50,pretrained_minus_random,3,0.5161,0.4549,0.5161,0.0612,0.0219,0.0866,,s7:+0.087;s17:+0.022;s27:+0.075
qwen3_8b_base,P7_anomaly_present,balanced_accuracy,p50,pretrained_minus_random,3,0.7396,0.5664,0.7396,0.1732,0.1602,0.1992,,s7:+0.199;s17:+0.160;s27:+0.160
qwen3_8b_base,P7_anomaly_present,macro_f1,p50,pretrained_minus_random,3,0.7384,0.5653,0.7384,0.1731,0.1593,0.1995,,s7:+0.200;s17:+0.159;s27:+0.160
qwen3_8b_base,P8_anomaly_location,balanced_accuracy,p50,pretrained_minus_random,3,0.263,0.1814,0.263,0.0816,0.059,0.1023,,s7:+0.059;s17:+0.102;s27:+0.083
qwen3_8b_base,P8_anomaly_location,macro_f1,p50,pretrained_minus_random,3,0.2548,0.1787,0.2548,0.0761,0.0501,0.0898,,s7:+0.050;s17:+0.090;s27:+0.089
qwen3_8b_base,P9_changepoint_present,balanced_accuracy,p50,pretrained_minus_random,3,0.9688,0.9492,0.9688,0.0195,-0.0039,0.0352,,s7:+0.035;s17:-0.004;s27:+0.027
qwen3_8b_base,P9_changepoint_present,macro_f1,p50,pretrained_minus_random,3,0.9687,0.9492,0.9687,0.0196,-0.0039,0.0352,,s7:+0.035;s17:-0.004;s27:+0.027
qwen3_8b_base,P10_changepoint_location,balanced_accuracy,p75,pretrained_minus_random,3,0.3718,0.3298,0.3718,0.0419,0.0115,0.0766,,s7:+0.038;s17:+0.077;s27:+0.012
qwen3_8b_base,P10_changepoint_location,macro_f1,p75,pretrained_minus_random,3,0.3626,0.3206,0.3626,0.042,0.0173,0.0627,,s7:+0.046;s17:+0.063;s27:+0.017
qwen3_8b_base,P1_trend_direction,balanced_accuracy,p75,pretrained_minus_random,3,1.0,1.0,1.0,0.0,0.0,0.0,,s7:+0.000;s17:+0.000;s27:+0.000
qwen3_8b_base,P1_trend_direction,macro_f1,p75,pretrained_minus_random,3,1.0,1.0,1.0,0.0,0.0,0.0,,s7:+0.000;s17:+0.000;s27:+0.000
qwen3_8b_base,P2_trend_strength,balanced_accuracy,p75,pretrained_minus_random,3,0.384,0.3337,0.384,0.0502,0.0245,0.0778,,s7:+0.025;s17:+0.048;s27:+0.078
qwen3_8b_base,P2_trend_strength,macro_f1,p75,pretrained_minus_random,3,0.3739,0.3276,0.3739,0.0463,0.0079,0.0739,,s7:+0.008;s17:+0.057;s27:+0.074
qwen3_8b_base,P2b_trend_strength_reg,r2,p75,pretrained_minus_random,3,-0.22,-0.2084,-0.22,-0.0117,-0.0679,0.0636,,s7:+0.064;s17:-0.068;s27:-0.031
qwen3_8b_base,P2b_trend_strength_reg,nmae,p75,pretrained_minus_random,3,0.8793,0.8936,0.8793,-0.0142,-0.0279,0.0046,,s7:-0.028;s17:+0.005;s27:-0.019
qwen3_8b_base,P3_periodicity_present,balanced_accuracy,p75,pretrained_minus_random,3,0.9826,0.9792,0.9826,0.0035,-0.0021,0.0125,,s7:+0.000;s17:+0.013;s27:-0.002
qwen3_8b_base,P3_periodicity_present,macro_f1,p75,pretrained_minus_random,3,0.9823,0.9782,0.9823,0.0042,-0.0029,0.0125,,s7:-0.003;s17:+0.012;s27:+0.003
qwen3_8b_base,P4_dominant_period,balanced_accuracy,p75,pretrained_minus_random,3,0.7966,0.4754,0.7966,0.3212,0.2736,0.3778,,s7:+0.312;s17:+0.378;s27:+0.274
qwen3_8b_base,P4_dominant_period,macro_f1,p75,pretrained_minus_random,3,0.7941,0.4791,0.7941,0.315,0.2673,0.3696,,s7:+0.308;s17:+0.370;s27:+0.267
qwen3_8b_base,P4b_dominant_period_reg,r2,p75,pretrained_minus_random,3,0.9578,0.665,0.9578,0.2928,0.2382,0.3338,,s7:+0.307;s17:+0.238;s27:+0.334
qwen3_8b_base,P4b_dominant_period_reg,nmae,p75,pretrained_minus_random,3,0.1549,0.46,0.1549,-0.3051,-0.3357,-0.2765,,s7:-0.303;s17:-0.277;s27:-0.336
qwen3_8b_base,P5_local_dependence,balanced_accuracy,p75,pretrained_minus_random,3,0.4862,0.3332,0.4862,0.1529,0.0983,0.1815,,s7:+0.098;s17:+0.181;s27:+0.179
qwen3_8b_base,P5_local_dependence,macro_f1,p75,pretrained_minus_random,3,0.4712,0.3269,0.4712,0.1444,0.0908,0.1782,,s7:+0.091;s17:+0.178;s27:+0.164
qwen3_8b_base,P5b_local_dependence_reg,r2,p75,pretrained_minus_random,3,0.3593,-0.0474,0.3593,0.4067,0.2706,0.5757,,s7:+0.271;s17:+0.374;s27:+0.576
qwen3_8b_base,P5b_local_dependence_reg,nmae,p75,pretrained_minus_random,3,0.6406,0.8311,0.6406,-0.1905,-0.2556,-0.1278,,s7:-0.128;s17:-0.188;s27:-0.256
qwen3_8b_base,P6_noise_level,balanced_accuracy,p75,pretrained_minus_random,3,0.5528,0.4535,0.5528,0.0993,0.0743,0.1268,,s7:+0.127;s17:+0.074;s27:+0.097
qwen3_8b_base,P6_noise_level,macro_f1,p75,pretrained_minus_random,3,0.5512,0.4499,0.5512,0.1013,0.078,0.1308,,s7:+0.131;s17:+0.078;s27:+0.095
qwen3_8b_base,P7_anomaly_present,balanced_accuracy,p75,pretrained_minus_random,3,0.7643,0.5677,0.7643,0.1966,0.168,0.2305,,s7:+0.230;s17:+0.191;s27:+0.168
qwen3_8b_base,P7_anomaly_present,macro_f1,p75,pretrained_minus_random,3,0.763,0.5664,0.763,0.1965,0.1674,0.2293,,s7:+0.229;s17:+0.193;s27:+0.167
qwen3_8b_base,P8_anomaly_location,balanced_accuracy,p75,pretrained_minus_random,3,0.285,0.1946,0.285,0.0904,0.0763,0.1007,,s7:+0.094;s17:+0.076;s27:+0.101
qwen3_8b_base,P8_anomaly_location,macro_f1,p75,pretrained_minus_random,3,0.2837,0.1915,0.2837,0.0923,0.0724,0.1053,,s7:+0.099;s17:+0.072;s27:+0.105
qwen3_8b_base,P9_changepoint_present,balanced_accuracy,p75,pretrained_minus_random,3,0.9648,0.9518,0.9648,0.013,0.0039,0.0195,,s7:+0.020;s17:+0.016;s27:+0.004
qwen3_8b_base,P9_changepoint_present,macro_f1,p75,pretrained_minus_random,3,0.9648,0.9518,0.9648,0.0131,0.004,0.0196,,s7:+0.020;s17:+0.016;s27:+0.004
qwen3_8b_base,P10_changepoint_location,balanced_accuracy,final,pretrained_minus_random,3,0.3284,0.313,0.3284,0.0153,0.008,0.0222,,s7:+0.022;s17:+0.008;s27:+0.016
qwen3_8b_base,P10_changepoint_location,macro_f1,final,pretrained_minus_random,3,0.3145,0.3082,0.3145,0.0063,-0.0045,0.0201,,s7:+0.020;s17:-0.004;s27:+0.003
qwen3_8b_base,P1_trend_direction,balanced_accuracy,final,pretrained_minus_random,3,1.0,1.0,1.0,0.0,0.0,0.0,,s7:+0.000;s17:+0.000;s27:+0.000
qwen3_8b_base,P1_trend_direction,macro_f1,final,pretrained_minus_random,3,1.0,1.0,1.0,0.0,0.0,0.0,,s7:+0.000;s17:+0.000;s27:+0.000
qwen3_8b_base,P2_trend_strength,balanced_accuracy,final,pretrained_minus_random,3,0.3948,0.3126,0.3948,0.0823,0.0721,0.0894,,s7:+0.085;s17:+0.072;s27:+0.089
qwen3_8b_base,P2_trend_strength,macro_f1,final,pretrained_minus_random,3,0.3874,0.305,0.3874,0.0825,0.0775,0.0895,,s7:+0.078;s17:+0.080;s27:+0.089
qwen3_8b_base,P2b_trend_strength_reg,r2,final,pretrained_minus_random,3,-0.0644,-0.1691,-0.0644,0.1047,0.0575,0.1749,,s7:+0.175;s17:+0.082;s27:+0.057
qwen3_8b_base,P2b_trend_strength_reg,nmae,final,pretrained_minus_random,3,0.8334,0.8742,0.8334,-0.0408,-0.0519,-0.027,,s7:-0.052;s17:-0.044;s27:-0.027
qwen3_8b_base,P3_periodicity_present,balanced_accuracy,final,pretrained_minus_random,3,0.9799,0.9778,0.9799,0.0021,-0.0062,0.0104,,s7:+0.002;s17:+0.010;s27:-0.006
qwen3_8b_base,P3_periodicity_present,macro_f1,final,pretrained_minus_random,3,0.9792,0.9761,0.9792,0.0031,-0.0032,0.0094,,s7:+0.003;s17:+0.009;s27:-0.003
qwen3_8b_base,P4_dominant_period,balanced_accuracy,final,pretrained_minus_random,3,0.7669,0.4579,0.7669,0.309,0.2611,0.3499,,s7:+0.316;s17:+0.350;s27:+0.261
qwen3_8b_base,P4_dominant_period,macro_f1,final,pretrained_minus_random,3,0.7629,0.4598,0.7629,0.3031,0.2556,0.342,,s7:+0.312;s17:+0.342;s27:+0.256
qwen3_8b_base,P4b_dominant_period_reg,r2,final,pretrained_minus_random,3,0.9486,0.6276,0.9486,0.321,0.2659,0.3514,,s7:+0.346;s17:+0.266;s27:+0.351
qwen3_8b_base,P4b_dominant_period_reg,nmae,final,pretrained_minus_random,3,0.1751,0.4874,0.1751,-0.3123,-0.3381,-0.2772,,s7:-0.322;s17:-0.277;s27:-0.338
qwen3_8b_base,P5_local_dependence,balanced_accuracy,final,pretrained_minus_random,3,0.4726,0.3342,0.4726,0.1385,0.1252,0.1553,,s7:+0.125;s17:+0.155;s27:+0.135
qwen3_8b_base,P5_local_dependence,macro_f1,final,pretrained_minus_random,3,0.4625,0.3263,0.4625,0.1362,0.122,0.1558,,s7:+0.122;s17:+0.156;s27:+0.131
qwen3_8b_base,P5b_local_dependence_reg,r2,final,pretrained_minus_random,3,0.3621,-0.0674,0.3621,0.4294,0.3543,0.5394,,s7:+0.354;s17:+0.395;s27:+0.539
qwen3_8b_base,P5b_local_dependence_reg,nmae,final,pretrained_minus_random,3,0.6387,0.8374,0.6387,-0.1986,-0.2376,-0.1666,,s7:-0.167;s17:-0.192;s27:-0.238
qwen3_8b_base,P6_noise_level,balanced_accuracy,final,pretrained_minus_random,3,0.5619,0.4524,0.5619,0.1094,0.0586,0.1514,,s7:+0.151;s17:+0.059;s27:+0.118
qwen3_8b_base,P6_noise_level,macro_f1,final,pretrained_minus_random,3,0.5583,0.448,0.5583,0.1102,0.0605,0.1549,,s7:+0.155;s17:+0.060;s27:+0.115
qwen3_8b_base,P7_anomaly_present,balanced_accuracy,final,pretrained_minus_random,3,0.7721,0.5716,0.7721,0.2005,0.1914,0.207,,s7:+0.191;s17:+0.203;s27:+0.207
qwen3_8b_base,P7_anomaly_present,macro_f1,final,pretrained_minus_random,3,0.77,0.5702,0.77,0.1998,0.1883,0.2057,,s7:+0.188;s17:+0.206;s27:+0.205
qwen3_8b_base,P8_anomaly_location,balanced_accuracy,final,pretrained_minus_random,3,0.2514,0.1725,0.2514,0.0789,0.0626,0.0882,,s7:+0.063;s17:+0.088;s27:+0.086
qwen3_8b_base,P8_anomaly_location,macro_f1,final,pretrained_minus_random,3,0.2494,0.1721,0.2494,0.0773,0.0616,0.0926,,s7:+0.062;s17:+0.078;s27:+0.093
qwen3_8b_base,P9_changepoint_present,balanced_accuracy,final,pretrained_minus_random,3,0.9688,0.9505,0.9688,0.0182,0.0078,0.0312,,s7:+0.016;s17:+0.031;s27:+0.008
qwen3_8b_base,P9_changepoint_present,macro_f1,final,pretrained_minus_random,3,0.9688,0.9505,0.9688,0.0183,0.0078,0.0313,,s7:+0.016;s17:+0.031;s27:+0.008
deepseek_llm_7b,P10_changepoint_location,balanced_accuracy,n/a,handcrafted,6,,,0.1859,,,,,
deepseek_llm_7b,P10_changepoint_location,macro_f1,n/a,handcrafted,6,,,0.1824,,,,,
deepseek_llm_7b,P1_trend_direction,balanced_accuracy,n/a,handcrafted,6,,,0.4849,,,,,
deepseek_llm_7b,P1_trend_direction,macro_f1,n/a,handcrafted,6,,,0.4841,,,,,
deepseek_llm_7b,P2_trend_strength,balanced_accuracy,n/a,handcrafted,6,,,0.4258,,,,,
deepseek_llm_7b,P2_trend_strength,macro_f1,n/a,handcrafted,6,,,0.4253,,,,,
deepseek_llm_7b,P2b_trend_strength_reg,r2,n/a,handcrafted,6,,,0.319,,,,,
deepseek_llm_7b,P2b_trend_strength_reg,nmae,n/a,handcrafted,6,,,0.6699,,,,,
deepseek_llm_7b,P3_periodicity_present,balanced_accuracy,n/a,handcrafted,6,,,0.9986,,,,,
deepseek_llm_7b,P3_periodicity_present,macro_f1,n/a,handcrafted,6,,,0.999,,,,,
deepseek_llm_7b,P4_dominant_period,balanced_accuracy,n/a,handcrafted,6,,,0.977,,,,,
deepseek_llm_7b,P4_dominant_period,macro_f1,n/a,handcrafted,6,,,0.9772,,,,,
deepseek_llm_7b,P4b_dominant_period_reg,r2,n/a,handcrafted,6,,,0.9213,,,,,
deepseek_llm_7b,P4b_dominant_period_reg,nmae,n/a,handcrafted,6,,,0.2233,,,,,
deepseek_llm_7b,P5_local_dependence,balanced_accuracy,n/a,handcrafted,6,,,0.5555,,,,,
deepseek_llm_7b,P5_local_dependence,macro_f1,n/a,handcrafted,6,,,0.5362,,,,,
deepseek_llm_7b,P5b_local_dependence_reg,r2,n/a,handcrafted,6,,,0.6624,,,,,
deepseek_llm_7b,P5b_local_dependence_reg,nmae,n/a,handcrafted,6,,,0.4572,,,,,
deepseek_llm_7b,P6_noise_level,balanced_accuracy,n/a,handcrafted,6,,,0.5013,,,,,
deepseek_llm_7b,P6_noise_level,macro_f1,n/a,handcrafted,6,,,0.4413,,,,,
deepseek_llm_7b,P7_anomaly_present,balanced_accuracy,n/a,handcrafted,6,,,0.7292,,,,,
deepseek_llm_7b,P7_anomaly_present,macro_f1,n/a,handcrafted,6,,,0.7283,,,,,
deepseek_llm_7b,P8_anomaly_location,balanced_accuracy,n/a,handcrafted,6,,,0.1508,,,,,
deepseek_llm_7b,P8_anomaly_location,macro_f1,n/a,handcrafted,6,,,0.1364,,,,,
deepseek_llm_7b,P9_changepoint_present,balanced_accuracy,n/a,handcrafted,6,,,0.8581,,,,,
deepseek_llm_7b,P9_changepoint_present,macro_f1,n/a,handcrafted,6,,,0.858,,,,,
deepseek_llm_7b,P10_changepoint_location,balanced_accuracy,L1,pretrained_minus_random,3,0.2434,0.3449,0.2434,-0.1015,-0.1236,-0.0887,,s7:-0.124;s17:-0.089;s27:-0.092
deepseek_llm_7b,P10_changepoint_location,macro_f1,L1,pretrained_minus_random,3,0.2379,0.3387,0.2379,-0.1008,-0.1149,-0.0866,,s7:-0.115;s17:-0.101;s27:-0.087
deepseek_llm_7b,P1_trend_direction,balanced_accuracy,L1,pretrained_minus_random,3,1.0,1.0,1.0,0.0,0.0,0.0,,s7:+0.000;s17:+0.000;s27:+0.000
deepseek_llm_7b,P1_trend_direction,macro_f1,L1,pretrained_minus_random,3,1.0,1.0,1.0,0.0,0.0,0.0,,s7:+0.000;s17:+0.000;s27:+0.000
deepseek_llm_7b,P2_trend_strength,balanced_accuracy,L1,pretrained_minus_random,3,0.2659,0.3472,0.2659,-0.0813,-0.1224,-0.032,,s7:-0.032;s17:-0.090;s27:-0.122
deepseek_llm_7b,P2_trend_strength,macro_f1,L1,pretrained_minus_random,3,0.2435,0.3439,0.2435,-0.1004,-0.1307,-0.0463,,s7:-0.046;s17:-0.124;s27:-0.131
deepseek_llm_7b,P2b_trend_strength_reg,r2,L1,pretrained_minus_random,3,-0.3052,-0.8008,-0.3052,0.4956,0.3345,0.7522,,s7:+0.752;s17:+0.400;s27:+0.335
deepseek_llm_7b,P2b_trend_strength_reg,nmae,L1,pretrained_minus_random,3,0.9267,1.0729,0.9267,-0.1462,-0.1922,-0.123,,s7:-0.192;s17:-0.123;s27:-0.123
deepseek_llm_7b,P3_periodicity_present,balanced_accuracy,L1,pretrained_minus_random,3,0.9632,0.9521,0.9632,0.0111,0.0021,0.0271,,s7:+0.004;s17:+0.002;s27:+0.027
deepseek_llm_7b,P3_periodicity_present,macro_f1,L1,pretrained_minus_random,3,0.9559,0.9456,0.9559,0.0103,0.0002,0.0247,,s7:+0.006;s17:+0.000;s27:+0.025
deepseek_llm_7b,P4_dominant_period,balanced_accuracy,L1,pretrained_minus_random,3,0.1977,0.2458,0.1977,-0.0481,-0.08,-0.0028,,s7:-0.003;s17:-0.080;s27:-0.061
deepseek_llm_7b,P4_dominant_period,macro_f1,L1,pretrained_minus_random,3,0.1922,0.2445,0.1922,-0.0523,-0.0811,-0.0046,,s7:-0.005;s17:-0.081;s27:-0.071
deepseek_llm_7b,P4b_dominant_period_reg,r2,L1,pretrained_minus_random,3,-0.1037,-0.1293,-0.1037,0.0257,-0.17,0.2321,,s7:+0.232;s17:+0.015;s27:-0.170
deepseek_llm_7b,P4b_dominant_period_reg,nmae,L1,pretrained_minus_random,3,0.8312,0.8373,0.8312,-0.0061,-0.0491,0.073,,s7:-0.049;s17:-0.042;s27:+0.073
deepseek_llm_7b,P5_local_dependence,balanced_accuracy,L1,pretrained_minus_random,3,0.2629,0.3013,0.2629,-0.0384,-0.0664,0.0105,,s7:-0.066;s17:-0.059;s27:+0.011
deepseek_llm_7b,P5_local_dependence,macro_f1,L1,pretrained_minus_random,3,0.2424,0.2961,0.2424,-0.0537,-0.0833,-0.0103,,s7:-0.068;s17:-0.083;s27:-0.010
deepseek_llm_7b,P5b_local_dependence_reg,r2,L1,pretrained_minus_random,3,-0.3202,-0.8514,-0.3202,0.5312,0.3482,0.7426,,s7:+0.503;s17:+0.348;s27:+0.743
deepseek_llm_7b,P5b_local_dependence_reg,nmae,L1,pretrained_minus_random,3,0.9312,1.0907,0.9312,-0.1594,-0.2229,-0.092,,s7:-0.163;s17:-0.092;s27:-0.223
deepseek_llm_7b,P6_noise_level,balanced_accuracy,L1,pretrained_minus_random,3,0.3603,0.4482,0.3603,-0.0879,-0.1337,-0.0578,,s7:-0.134;s17:-0.072;s27:-0.058
deepseek_llm_7b,P6_noise_level,macro_f1,L1,pretrained_minus_random,3,0.32,0.4444,0.32,-0.1244,-0.1678,-0.0935,,s7:-0.168;s17:-0.112;s27:-0.093
deepseek_llm_7b,P7_anomaly_present,balanced_accuracy,L1,pretrained_minus_random,3,0.556,0.5443,0.556,0.0117,-0.0547,0.0742,,s7:-0.055;s17:+0.016;s27:+0.074
deepseek_llm_7b,P7_anomaly_present,macro_f1,L1,pretrained_minus_random,3,0.5528,0.5432,0.5528,0.0096,-0.0545,0.0701,,s7:-0.055;s17:+0.013;s27:+0.070
deepseek_llm_7b,P8_anomaly_location,balanced_accuracy,L1,pretrained_minus_random,3,0.1548,0.1535,0.1548,0.0013,-0.0225,0.0329,,s7:-0.023;s17:-0.007;s27:+0.033
deepseek_llm_7b,P8_anomaly_location,macro_f1,L1,pretrained_minus_random,3,0.147,0.1526,0.147,-0.0056,-0.0278,0.0144,,s7:-0.028;s17:-0.003;s27:+0.014
deepseek_llm_7b,P9_changepoint_present,balanced_accuracy,L1,pretrained_minus_random,3,0.9336,0.9245,0.9336,0.0091,-0.0039,0.0195,,s7:+0.020;s17:+0.012;s27:-0.004
deepseek_llm_7b,P9_changepoint_present,macro_f1,L1,pretrained_minus_random,3,0.9335,0.9242,0.9335,0.0093,-0.0037,0.0196,,s7:+0.020;s17:+0.012;s27:-0.004
deepseek_llm_7b,P10_changepoint_location,balanced_accuracy,L8,pretrained_minus_random,3,0.337,0.3716,0.337,-0.0346,-0.1213,0.0118,,s7:+0.012;s17:-0.121;s27:+0.005
deepseek_llm_7b,P10_changepoint_location,macro_f1,L8,pretrained_minus_random,3,0.3354,0.3662,0.3354,-0.0308,-0.1067,0.0127,,s7:+0.002;s17:-0.107;s27:+0.013
deepseek_llm_7b,P1_trend_direction,balanced_accuracy,L8,pretrained_minus_random,3,1.0,1.0,1.0,0.0,0.0,0.0,,s7:+0.000;s17:+0.000;s27:+0.000
deepseek_llm_7b,P1_trend_direction,macro_f1,L8,pretrained_minus_random,3,1.0,1.0,1.0,0.0,0.0,0.0,,s7:+0.000;s17:+0.000;s27:+0.000
deepseek_llm_7b,P2_trend_strength,balanced_accuracy,L8,pretrained_minus_random,3,0.3689,0.3462,0.3689,0.0227,-0.0124,0.0569,,s7:+0.057;s17:-0.012;s27:+0.023
deepseek_llm_7b,P2_trend_strength,macro_f1,L8,pretrained_minus_random,3,0.3594,0.3373,0.3594,0.0221,0.0013,0.0466,,s7:+0.047;s17:+0.001;s27:+0.018
deepseek_llm_7b,P2b_trend_strength_reg,r2,L8,pretrained_minus_random,3,-0.2903,-0.053,-0.2903,-0.2373,-0.2777,-0.2026,,s7:-0.278;s17:-0.232;s27:-0.203
deepseek_llm_7b,P2b_trend_strength_reg,nmae,L8,pretrained_minus_random,3,0.9155,0.8343,0.9155,0.0812,0.0743,0.0864,,s7:+0.074;s17:+0.083;s27:+0.086
deepseek_llm_7b,P3_periodicity_present,balanced_accuracy,L8,pretrained_minus_random,3,0.9799,0.9708,0.9799,0.009,-0.0062,0.0229,,s7:-0.006;s17:+0.010;s27:+0.023
deepseek_llm_7b,P3_periodicity_present,macro_f1,L8,pretrained_minus_random,3,0.9832,0.9679,0.9832,0.0152,-0.0004,0.0307,,s7:-0.000;s17:+0.015;s27:+0.031
deepseek_llm_7b,P4_dominant_period,balanced_accuracy,L8,pretrained_minus_random,3,0.7956,0.4822,0.7956,0.3135,0.2204,0.3763,,s7:+0.376;s17:+0.220;s27:+0.344
deepseek_llm_7b,P4_dominant_period,macro_f1,L8,pretrained_minus_random,3,0.7918,0.4838,0.7918,0.3079,0.2143,0.3705,,s7:+0.371;s17:+0.214;s27:+0.339
deepseek_llm_7b,P4b_dominant_period_reg,r2,L8,pretrained_minus_random,3,0.9744,0.5114,0.9744,0.463,0.3972,0.523,,s7:+0.469;s17:+0.397;s27:+0.523
deepseek_llm_7b,P4b_dominant_period_reg,nmae,L8,pretrained_minus_random,3,0.121,0.5429,0.121,-0.4218,-0.4492,-0.3933,,s7:-0.449;s17:-0.393;s27:-0.423
deepseek_llm_7b,P5_local_dependence,balanced_accuracy,L8,pretrained_minus_random,3,0.4352,0.3438,0.4352,0.0914,0.0891,0.0949,,s7:+0.090;s17:+0.089;s27:+0.095
deepseek_llm_7b,P5_local_dependence,macro_f1,L8,pretrained_minus_random,3,0.4313,0.3373,0.4313,0.094,0.0901,0.0979,,s7:+0.098;s17:+0.090;s27:+0.094
deepseek_llm_7b,P5b_local_dependence_reg,r2,L8,pretrained_minus_random,3,0.2387,-0.0057,0.2387,0.2444,0.0197,0.4012,,s7:+0.020;s17:+0.312;s27:+0.401
deepseek_llm_7b,P5b_local_dependence_reg,nmae,L8,pretrained_minus_random,3,0.6945,0.8275,0.6945,-0.133,-0.2116,-0.0241,,s7:-0.024;s17:-0.163;s27:-0.212
deepseek_llm_7b,P6_noise_level,balanced_accuracy,L8,pretrained_minus_random,3,0.4735,0.4588,0.4735,0.0148,-0.0071,0.0521,,s7:-0.001;s17:+0.052;s27:-0.007
deepseek_llm_7b,P6_noise_level,macro_f1,L8,pretrained_minus_random,3,0.4602,0.4554,0.4602,0.0049,-0.0172,0.046,,s7:-0.014;s17:+0.046;s27:-0.017
deepseek_llm_7b,P7_anomaly_present,balanced_accuracy,L8,pretrained_minus_random,3,0.6927,0.5586,0.6927,0.1341,0.0938,0.1719,,s7:+0.137;s17:+0.172;s27:+0.094
deepseek_llm_7b,P7_anomaly_present,macro_f1,L8,pretrained_minus_random,3,0.6893,0.5583,0.6893,0.1309,0.0937,0.1662,,s7:+0.133;s17:+0.166;s27:+0.094
deepseek_llm_7b,P8_anomaly_location,balanced_accuracy,L8,pretrained_minus_random,3,0.2129,0.1798,0.2129,0.0332,0.0003,0.0535,,s7:+0.000;s17:+0.054;s27:+0.046
deepseek_llm_7b,P8_anomaly_location,macro_f1,L8,pretrained_minus_random,3,0.2066,0.1792,0.2066,0.0274,-0.0017,0.0498,,s7:-0.002;s17:+0.050;s27:+0.034
deepseek_llm_7b,P9_changepoint_present,balanced_accuracy,L8,pretrained_minus_random,3,0.9661,0.944,0.9661,0.0221,0.0117,0.0391,,s7:+0.039;s17:+0.012;s27:+0.016
deepseek_llm_7b,P9_changepoint_present,macro_f1,L8,pretrained_minus_random,3,0.9661,0.9439,0.9661,0.0222,0.0117,0.0392,,s7:+0.039;s17:+0.012;s27:+0.016
deepseek_llm_7b,P10_changepoint_location,balanced_accuracy,p50,pretrained_minus_random,3,0.4003,0.3198,0.4003,0.0805,0.0548,0.1002,,s7:+0.086;s17:+0.055;s27:+0.100
deepseek_llm_7b,P10_changepoint_location,macro_f1,p50,pretrained_minus_random,3,0.3813,0.3175,0.3813,0.0637,0.0277,0.085,,s7:+0.078;s17:+0.028;s27:+0.085
deepseek_llm_7b,P1_trend_direction,balanced_accuracy,p50,pretrained_minus_random,3,1.0,1.0,1.0,0.0,0.0,0.0,,s7:+0.000;s17:+0.000;s27:+0.000
deepseek_llm_7b,P1_trend_direction,macro_f1,p50,pretrained_minus_random,3,1.0,1.0,1.0,0.0,0.0,0.0,,s7:+0.000;s17:+0.000;s27:+0.000
deepseek_llm_7b,P2_trend_strength,balanced_accuracy,p50,pretrained_minus_random,3,0.3812,0.3606,0.3812,0.0206,0.0053,0.0387,,s7:+0.005;s17:+0.039;s27:+0.018
deepseek_llm_7b,P2_trend_strength,macro_f1,p50,pretrained_minus_random,3,0.3719,0.3486,0.3719,0.0232,-0.0063,0.0564,,s7:-0.006;s17:+0.056;s27:+0.020
deepseek_llm_7b,P2b_trend_strength_reg,r2,p50,pretrained_minus_random,3,-0.252,-0.0808,-0.252,-0.1712,-0.2663,-0.0791,,s7:-0.079;s17:-0.266;s27:-0.168
deepseek_llm_7b,P2b_trend_strength_reg,nmae,p50,pretrained_minus_random,3,0.884,0.8477,0.884,0.0362,-0.0213,0.0853,,s7:-0.021;s17:+0.085;s27:+0.045
deepseek_llm_7b,P3_periodicity_present,balanced_accuracy,p50,pretrained_minus_random,3,0.9882,0.9729,0.9882,0.0153,0.0083,0.0208,,s7:+0.008;s17:+0.017;s27:+0.021
deepseek_llm_7b,P3_periodicity_present,macro_f1,p50,pretrained_minus_random,3,0.9895,0.97,0.9895,0.0196,0.0122,0.0277,,s7:+0.012;s17:+0.019;s27:+0.028
deepseek_llm_7b,P4_dominant_period,balanced_accuracy,p50,pretrained_minus_random,3,0.9293,0.4753,0.9293,0.454,0.4107,0.5158,,s7:+0.516;s17:+0.436;s27:+0.411
deepseek_llm_7b,P4_dominant_period,macro_f1,p50,pretrained_minus_random,3,0.9285,0.4747,0.9285,0.4537,0.4151,0.5147,,s7:+0.515;s17:+0.431;s27:+0.415
deepseek_llm_7b,P4b_dominant_period_reg,r2,p50,pretrained_minus_random,3,0.979,0.4288,0.979,0.5502,0.4421,0.6226,,s7:+0.586;s17:+0.442;s27:+0.623
deepseek_llm_7b,P4b_dominant_period_reg,nmae,p50,pretrained_minus_random,3,0.1121,0.5965,0.1121,-0.4844,-0.5236,-0.4235,,s7:-0.524;s17:-0.424;s27:-0.506
deepseek_llm_7b,P5_local_dependence,balanced_accuracy,p50,pretrained_minus_random,3,0.469,0.3202,0.469,0.1488,0.1146,0.1891,,s7:+0.143;s17:+0.115;s27:+0.189
deepseek_llm_7b,P5_local_dependence,macro_f1,p50,pretrained_minus_random,3,0.4599,0.3139,0.4599,0.146,0.1069,0.1847,,s7:+0.146;s17:+0.107;s27:+0.185
deepseek_llm_7b,P5b_local_dependence_reg,r2,p50,pretrained_minus_random,3,0.3605,-0.0225,0.3605,0.383,0.2877,0.4548,,s7:+0.407;s17:+0.288;s27:+0.455
deepseek_llm_7b,P5b_local_dependence_reg,nmae,p50,pretrained_minus_random,3,0.6356,0.824,0.6356,-0.1884,-0.2138,-0.1462,,s7:-0.205;s17:-0.146;s27:-0.214
deepseek_llm_7b,P6_noise_level,balanced_accuracy,p50,pretrained_minus_random,3,0.5707,0.459,0.5707,0.1116,0.0873,0.1367,,s7:+0.137;s17:+0.087;s27:+0.111
deepseek_llm_7b,P6_noise_level,macro_f1,p50,pretrained_minus_random,3,0.571,0.4537,0.571,0.1173,0.0936,0.1429,,s7:+0.143;s17:+0.094;s27:+0.115
deepseek_llm_7b,P7_anomaly_present,balanced_accuracy,p50,pretrained_minus_random,3,0.7409,0.5703,0.7409,0.1706,0.1172,0.207,,s7:+0.117;s17:+0.207;s27:+0.188
deepseek_llm_7b,P7_anomaly_present,macro_f1,p50,pretrained_minus_random,3,0.7395,0.5692,0.7395,0.1703,0.1135,0.21,,s7:+0.113;s17:+0.210;s27:+0.187
deepseek_llm_7b,P8_anomaly_location,balanced_accuracy,p50,pretrained_minus_random,3,0.2356,0.2094,0.2356,0.0263,-0.0281,0.0928,,s7:-0.028;s17:+0.093;s27:+0.014
deepseek_llm_7b,P8_anomaly_location,macro_f1,p50,pretrained_minus_random,3,0.2312,0.2047,0.2312,0.0265,-0.0225,0.0886,,s7:-0.022;s17:+0.089;s27:+0.013
deepseek_llm_7b,P9_changepoint_present,balanced_accuracy,p50,pretrained_minus_random,3,0.9714,0.9479,0.9714,0.0234,0.0039,0.0352,,s7:+0.031;s17:+0.004;s27:+0.035
deepseek_llm_7b,P9_changepoint_present,macro_f1,p50,pretrained_minus_random,3,0.9713,0.9478,0.9713,0.0235,0.0039,0.0353,,s7:+0.031;s17:+0.004;s27:+0.035
deepseek_llm_7b,P10_changepoint_location,balanced_accuracy,L22,pretrained_minus_random,3,0.3528,0.3186,0.3528,0.0341,-0.0381,0.1183,,s7:+0.022;s17:-0.038;s27:+0.118
deepseek_llm_7b,P10_changepoint_location,macro_f1,L22,pretrained_minus_random,3,0.3426,0.3137,0.3426,0.0288,-0.0521,0.1124,,s7:+0.026;s17:-0.052;s27:+0.112
deepseek_llm_7b,P1_trend_direction,balanced_accuracy,L22,pretrained_minus_random,3,1.0,1.0,1.0,0.0,0.0,0.0,,s7:+0.000;s17:+0.000;s27:+0.000
deepseek_llm_7b,P1_trend_direction,macro_f1,L22,pretrained_minus_random,3,1.0,1.0,1.0,0.0,0.0,0.0,,s7:+0.000;s17:+0.000;s27:+0.000
deepseek_llm_7b,P2_trend_strength,balanced_accuracy,L22,pretrained_minus_random,3,0.3887,0.3596,0.3887,0.0292,0.0121,0.0438,,s7:+0.032;s17:+0.044;s27:+0.012
deepseek_llm_7b,P2_trend_strength,macro_f1,L22,pretrained_minus_random,3,0.3813,0.3479,0.3813,0.0335,0.0196,0.0585,,s7:+0.022;s17:+0.058;s27:+0.020
deepseek_llm_7b,P2b_trend_strength_reg,r2,L22,pretrained_minus_random,3,-0.319,-0.0301,-0.319,-0.2889,-0.3943,-0.1986,,s7:-0.274;s17:-0.394;s27:-0.199
deepseek_llm_7b,P2b_trend_strength_reg,nmae,L22,pretrained_minus_random,3,0.9195,0.8223,0.9195,0.0972,0.0503,0.1437,,s7:+0.098;s17:+0.144;s27:+0.050
deepseek_llm_7b,P3_periodicity_present,balanced_accuracy,L22,pretrained_minus_random,3,0.9889,0.9708,0.9889,0.0181,0.0146,0.0208,,s7:+0.015;s17:+0.021;s27:+0.019
deepseek_llm_7b,P3_periodicity_present,macro_f1,L22,pretrained_minus_random,3,0.9895,0.9689,0.9895,0.0207,0.0156,0.0246,,s7:+0.016;s17:+0.022;s27:+0.025
deepseek_llm_7b,P4_dominant_period,balanced_accuracy,L22,pretrained_minus_random,3,0.8931,0.4474,0.8931,0.4458,0.4047,0.5038,,s7:+0.504;s17:+0.405;s27:+0.429
deepseek_llm_7b,P4_dominant_period,macro_f1,L22,pretrained_minus_random,3,0.8934,0.446,0.8934,0.4474,0.4014,0.504,,s7:+0.504;s17:+0.401;s27:+0.437
deepseek_llm_7b,P4b_dominant_period_reg,r2,L22,pretrained_minus_random,3,0.9708,0.3806,0.9708,0.5902,0.5019,0.6526,,s7:+0.616;s17:+0.502;s27:+0.653
deepseek_llm_7b,P4b_dominant_period_reg,nmae,L22,pretrained_minus_random,3,0.1313,0.6168,0.1313,-0.4855,-0.5294,-0.437,,s7:-0.529;s17:-0.437;s27:-0.490
deepseek_llm_7b,P5_local_dependence,balanced_accuracy,L22,pretrained_minus_random,3,0.4462,0.3192,0.4462,0.127,0.0764,0.1636,,s7:+0.141;s17:+0.076;s27:+0.164
deepseek_llm_7b,P5_local_dependence,macro_f1,L22,pretrained_minus_random,3,0.4401,0.3101,0.4401,0.13,0.0762,0.1599,,s7:+0.154;s17:+0.076;s27:+0.160
deepseek_llm_7b,P5b_local_dependence_reg,r2,L22,pretrained_minus_random,3,0.3607,-0.0235,0.3607,0.3842,0.3178,0.4557,,s7:+0.379;s17:+0.318;s27:+0.456
deepseek_llm_7b,P5b_local_dependence_reg,nmae,L22,pretrained_minus_random,3,0.6263,0.826,0.6263,-0.1997,-0.2293,-0.1604,,s7:-0.209;s17:-0.160;s27:-0.229
deepseek_llm_7b,P6_noise_level,balanced_accuracy,L22,pretrained_minus_random,3,0.5648,0.4485,0.5648,0.1163,0.1044,0.1236,,s7:+0.124;s17:+0.121;s27:+0.104
deepseek_llm_7b,P6_noise_level,macro_f1,L22,pretrained_minus_random,3,0.5629,0.4438,0.5629,0.1191,0.1072,0.1288,,s7:+0.129;s17:+0.121;s27:+0.107
deepseek_llm_7b,P7_anomaly_present,balanced_accuracy,L22,pretrained_minus_random,3,0.7214,0.569,0.7214,0.1523,0.1328,0.1641,,s7:+0.160;s17:+0.164;s27:+0.133
deepseek_llm_7b,P7_anomaly_present,macro_f1,L22,pretrained_minus_random,3,0.7191,0.5683,0.7191,0.1508,0.1331,0.1624,,s7:+0.157;s17:+0.162;s27:+0.133
deepseek_llm_7b,P8_anomaly_location,balanced_accuracy,L22,pretrained_minus_random,3,0.2041,0.1999,0.2041,0.0042,-0.0224,0.0354,,s7:-0.022;s17:-0.001;s27:+0.035
deepseek_llm_7b,P8_anomaly_location,macro_f1,L22,pretrained_minus_random,3,0.2018,0.1958,0.2018,0.006,-0.0214,0.039,,s7:-0.021;s17:+0.000;s27:+0.039
deepseek_llm_7b,P9_changepoint_present,balanced_accuracy,L22,pretrained_minus_random,3,0.9635,0.9466,0.9635,0.0169,-0.0039,0.0312,,s7:+0.031;s17:-0.004;s27:+0.023
deepseek_llm_7b,P9_changepoint_present,macro_f1,L22,pretrained_minus_random,3,0.9635,0.9465,0.9635,0.017,-0.0039,0.0313,,s7:+0.031;s17:-0.004;s27:+0.023
deepseek_llm_7b,P10_changepoint_location,balanced_accuracy,final,pretrained_minus_random,3,0.3748,0.3027,0.3748,0.0721,0.0203,0.1161,,s7:+0.116;s17:+0.020;s27:+0.080
deepseek_llm_7b,P10_changepoint_location,macro_f1,final,pretrained_minus_random,3,0.3522,0.2989,0.3522,0.0534,-0.0066,0.101,,s7:+0.101;s17:-0.007;s27:+0.066
deepseek_llm_7b,P1_trend_direction,balanced_accuracy,final,pretrained_minus_random,3,1.0,1.0,1.0,0.0,0.0,0.0,,s7:+0.000;s17:+0.000;s27:+0.000
deepseek_llm_7b,P1_trend_direction,macro_f1,final,pretrained_minus_random,3,1.0,1.0,1.0,0.0,0.0,0.0,,s7:+0.000;s17:+0.000;s27:+0.000
deepseek_llm_7b,P2_trend_strength,balanced_accuracy,final,pretrained_minus_random,3,0.3916,0.3655,0.3916,0.0261,0.0174,0.0367,,s7:+0.024;s17:+0.017;s27:+0.037
deepseek_llm_7b,P2_trend_strength,macro_f1,final,pretrained_minus_random,3,0.3848,0.3567,0.3848,0.0282,0.0188,0.0329,,s7:+0.019;s17:+0.033;s27:+0.033
deepseek_llm_7b,P2b_trend_strength_reg,r2,final,pretrained_minus_random,3,-0.2057,-0.0131,-0.2057,-0.1926,-0.3341,-0.1197,,s7:-0.124;s17:-0.334;s27:-0.120
deepseek_llm_7b,P2b_trend_strength_reg,nmae,final,pretrained_minus_random,3,0.8661,0.8229,0.8661,0.0432,-0.0016,0.0948,,s7:-0.002;s17:+0.095;s27:+0.037
deepseek_llm_7b,P3_periodicity_present,balanced_accuracy,final,pretrained_minus_random,3,0.9903,0.9715,0.9903,0.0188,0.0167,0.0208,,s7:+0.021;s17:+0.019;s27:+0.017
deepseek_llm_7b,P3_periodicity_present,macro_f1,final,pretrained_minus_random,3,0.9906,0.9699,0.9906,0.0207,0.0187,0.0219,,s7:+0.022;s17:+0.019;s27:+0.022
deepseek_llm_7b,P4_dominant_period,balanced_accuracy,final,pretrained_minus_random,3,0.8507,0.4383,0.8507,0.4124,0.3644,0.4631,,s7:+0.463;s17:+0.364;s27:+0.410
deepseek_llm_7b,P4_dominant_period,macro_f1,final,pretrained_minus_random,3,0.851,0.4378,0.851,0.4132,0.3573,0.4701,,s7:+0.470;s17:+0.357;s27:+0.412
deepseek_llm_7b,P4b_dominant_period_reg,r2,final,pretrained_minus_random,3,0.9653,0.3133,0.9653,0.652,0.5571,0.7027,,s7:+0.703;s17:+0.557;s27:+0.696
deepseek_llm_7b,P4b_dominant_period_reg,nmae,final,pretrained_minus_random,3,0.144,0.6595,0.144,-0.5156,-0.5616,-0.4761,,s7:-0.562;s17:-0.476;s27:-0.509
deepseek_llm_7b,P5_local_dependence,balanced_accuracy,final,pretrained_minus_random,3,0.4424,0.3494,0.4424,0.0931,0.0611,0.1295,,s7:+0.129;s17:+0.061;s27:+0.089
deepseek_llm_7b,P5_local_dependence,macro_f1,final,pretrained_minus_random,3,0.4351,0.3413,0.4351,0.0939,0.0598,0.1382,,s7:+0.138;s17:+0.060;s27:+0.084
deepseek_llm_7b,P5b_local_dependence_reg,r2,final,pretrained_minus_random,3,0.3731,0.0036,0.3731,0.3695,0.3303,0.4241,,s7:+0.354;s17:+0.330;s27:+0.424
deepseek_llm_7b,P5b_local_dependence_reg,nmae,final,pretrained_minus_random,3,0.6174,0.8229,0.6174,-0.2055,-0.2362,-0.1801,,s7:-0.200;s17:-0.180;s27:-0.236
deepseek_llm_7b,P6_noise_level,balanced_accuracy,final,pretrained_minus_random,3,0.5643,0.4515,0.5643,0.1128,0.0816,0.1398,,s7:+0.117;s17:+0.140;s27:+0.082
deepseek_llm_7b,P6_noise_level,macro_f1,final,pretrained_minus_random,3,0.5637,0.4462,0.5637,0.1175,0.0843,0.1457,,s7:+0.122;s17:+0.146;s27:+0.084
deepseek_llm_7b,P7_anomaly_present,balanced_accuracy,final,pretrained_minus_random,3,0.7526,0.5898,0.7526,0.1628,0.1367,0.1953,,s7:+0.137;s17:+0.156;s27:+0.195
deepseek_llm_7b,P7_anomaly_present,macro_f1,final,pretrained_minus_random,3,0.751,0.5882,0.751,0.1628,0.1335,0.1953,,s7:+0.134;s17:+0.160;s27:+0.195
deepseek_llm_7b,P8_anomaly_location,balanced_accuracy,final,pretrained_minus_random,3,0.229,0.2015,0.229,0.0275,0.0068,0.0642,,s7:+0.007;s17:+0.064;s27:+0.012
deepseek_llm_7b,P8_anomaly_location,macro_f1,final,pretrained_minus_random,3,0.2225,0.197,0.2225,0.0255,0.0102,0.0543,,s7:+0.012;s17:+0.054;s27:+0.010
deepseek_llm_7b,P9_changepoint_present,balanced_accuracy,final,pretrained_minus_random,3,0.9609,0.9388,0.9609,0.0221,0.0,0.0469,,s7:+0.047;s17:+0.000;s27:+0.020
deepseek_llm_7b,P9_changepoint_present,macro_f1,final,pretrained_minus_random,3,0.9609,0.9387,0.9609,0.0222,0.0,0.0471,,s7:+0.047;s17:+0.000;s27:+0.020
deepseek_v2_lite,P10_changepoint_location,balanced_accuracy,n/a,handcrafted,6,,,0.1859,,,,,
deepseek_v2_lite,P10_changepoint_location,macro_f1,n/a,handcrafted,6,,,0.1824,,,,,
deepseek_v2_lite,P1_trend_direction,balanced_accuracy,n/a,handcrafted,6,,,0.4849,,,,,
deepseek_v2_lite,P1_trend_direction,macro_f1,n/a,handcrafted,6,,,0.4841,,,,,
deepseek_v2_lite,P2_trend_strength,balanced_accuracy,n/a,handcrafted,6,,,0.4258,,,,,
deepseek_v2_lite,P2_trend_strength,macro_f1,n/a,handcrafted,6,,,0.4253,,,,,
deepseek_v2_lite,P2b_trend_strength_reg,r2,n/a,handcrafted,6,,,0.319,,,,,
deepseek_v2_lite,P2b_trend_strength_reg,nmae,n/a,handcrafted,6,,,0.6699,,,,,
deepseek_v2_lite,P3_periodicity_present,balanced_accuracy,n/a,handcrafted,6,,,0.9986,,,,,
deepseek_v2_lite,P3_periodicity_present,macro_f1,n/a,handcrafted,6,,,0.999,,,,,
deepseek_v2_lite,P4_dominant_period,balanced_accuracy,n/a,handcrafted,6,,,0.977,,,,,
deepseek_v2_lite,P4_dominant_period,macro_f1,n/a,handcrafted,6,,,0.9772,,,,,
deepseek_v2_lite,P4b_dominant_period_reg,r2,n/a,handcrafted,6,,,0.9213,,,,,
deepseek_v2_lite,P4b_dominant_period_reg,nmae,n/a,handcrafted,6,,,0.2233,,,,,
deepseek_v2_lite,P5_local_dependence,balanced_accuracy,n/a,handcrafted,6,,,0.5555,,,,,
deepseek_v2_lite,P5_local_dependence,macro_f1,n/a,handcrafted,6,,,0.5362,,,,,
deepseek_v2_lite,P5b_local_dependence_reg,r2,n/a,handcrafted,6,,,0.6624,,,,,
deepseek_v2_lite,P5b_local_dependence_reg,nmae,n/a,handcrafted,6,,,0.4572,,,,,
deepseek_v2_lite,P6_noise_level,balanced_accuracy,n/a,handcrafted,6,,,0.5013,,,,,
deepseek_v2_lite,P6_noise_level,macro_f1,n/a,handcrafted,6,,,0.4413,,,,,
deepseek_v2_lite,P7_anomaly_present,balanced_accuracy,n/a,handcrafted,6,,,0.7292,,,,,
deepseek_v2_lite,P7_anomaly_present,macro_f1,n/a,handcrafted,6,,,0.7283,,,,,
deepseek_v2_lite,P8_anomaly_location,balanced_accuracy,n/a,handcrafted,6,,,0.1508,,,,,
deepseek_v2_lite,P8_anomaly_location,macro_f1,n/a,handcrafted,6,,,0.1364,,,,,
deepseek_v2_lite,P9_changepoint_present,balanced_accuracy,n/a,handcrafted,6,,,0.8581,,,,,
deepseek_v2_lite,P9_changepoint_present,macro_f1,n/a,handcrafted,6,,,0.858,,,,,
deepseek_v2_lite,P10_changepoint_location,balanced_accuracy,L1,pretrained_minus_random,3,0.3937,0.3105,0.3937,0.0833,0.0367,0.1162,,s7:+0.037;s17:+0.097;s27:+0.116
deepseek_v2_lite,P10_changepoint_location,macro_f1,L1,pretrained_minus_random,3,0.3822,0.3054,0.3822,0.0768,0.0426,0.0992,,s7:+0.043;s17:+0.089;s27:+0.099
deepseek_v2_lite,P1_trend_direction,balanced_accuracy,L1,pretrained_minus_random,3,1.0,1.0,1.0,0.0,0.0,0.0,,s7:+0.000;s17:+0.000;s27:+0.000
deepseek_v2_lite,P1_trend_direction,macro_f1,L1,pretrained_minus_random,3,1.0,1.0,1.0,0.0,0.0,0.0,,s7:+0.000;s17:+0.000;s27:+0.000
deepseek_v2_lite,P2_trend_strength,balanced_accuracy,L1,pretrained_minus_random,3,0.3413,0.3521,0.3413,-0.0108,-0.0661,0.0446,,s7:-0.066;s17:-0.011;s27:+0.045
deepseek_v2_lite,P2_trend_strength,macro_f1,L1,pretrained_minus_random,3,0.3354,0.3431,0.3354,-0.0077,-0.0607,0.0421,,s7:-0.061;s17:-0.004;s27:+0.042
deepseek_v2_lite,P2b_trend_strength_reg,r2,L1,pretrained_minus_random,3,-0.5318,-0.7384,-0.5318,0.2067,0.058,0.4967,,s7:+0.497;s17:+0.065;s27:+0.058
deepseek_v2_lite,P2b_trend_strength_reg,nmae,L1,pretrained_minus_random,3,0.9984,1.0334,0.9984,-0.0351,-0.113,0.0174,,s7:-0.113;s17:-0.010;s27:+0.017
deepseek_v2_lite,P3_periodicity_present,balanced_accuracy,L1,pretrained_minus_random,3,0.9507,0.9326,0.9507,0.0181,-0.0042,0.0312,,s7:+0.027;s17:+0.031;s27:-0.004
deepseek_v2_lite,P3_periodicity_present,macro_f1,L1,pretrained_minus_random,3,0.9437,0.9234,0.9437,0.0203,-0.0058,0.0362,,s7:+0.031;s17:+0.036;s27:-0.006
deepseek_v2_lite,P4_dominant_period,balanced_accuracy,L1,pretrained_minus_random,3,0.2376,0.2764,0.2376,-0.0388,-0.0557,-0.0055,,s7:-0.005;s17:-0.055;s27:-0.056
deepseek_v2_lite,P4_dominant_period,macro_f1,L1,pretrained_minus_random,3,0.2338,0.2742,0.2338,-0.0405,-0.0651,-0.0073,,s7:-0.007;s17:-0.049;s27:-0.065
deepseek_v2_lite,P4b_dominant_period_reg,r2,L1,pretrained_minus_random,3,0.0223,-0.7294,0.0223,0.7518,0.0362,1.4462,,s7:+0.773;s17:+0.036;s27:+1.446
deepseek_v2_lite,P4b_dominant_period_reg,nmae,L1,pretrained_minus_random,3,0.7683,1.0366,0.7683,-0.2683,-0.4855,-0.0206,,s7:-0.299;s17:-0.021;s27:-0.486
deepseek_v2_lite,P5_local_dependence,balanced_accuracy,L1,pretrained_minus_random,3,0.2889,0.2892,0.2889,-0.0003,-0.0712,0.0734,,s7:-0.003;s17:-0.071;s27:+0.073
deepseek_v2_lite,P5_local_dependence,macro_f1,L1,pretrained_minus_random,3,0.2767,0.286,0.2767,-0.0094,-0.084,0.0685,,s7:-0.013;s17:-0.084;s27:+0.069
deepseek_v2_lite,P5b_local_dependence_reg,r2,L1,pretrained_minus_random,3,-0.45,-1.1222,-0.45,0.6722,0.5856,0.7591,,s7:+0.586;s17:+0.759;s27:+0.672
deepseek_v2_lite,P5b_local_dependence_reg,nmae,L1,pretrained_minus_random,3,0.9821,1.1742,0.9821,-0.1921,-0.2129,-0.1589,,s7:-0.204;s17:-0.213;s27:-0.159
deepseek_v2_lite,P6_noise_level,balanced_accuracy,L1,pretrained_minus_random,3,0.3434,0.4027,0.3434,-0.0593,-0.0866,-0.0206,,s7:-0.071;s17:-0.087;s27:-0.021
deepseek_v2_lite,P6_noise_level,macro_f1,L1,pretrained_minus_random,3,0.312,0.4015,0.312,-0.0895,-0.1161,-0.049,,s7:-0.103;s17:-0.116;s27:-0.049
deepseek_v2_lite,P7_anomaly_present,balanced_accuracy,L1,pretrained_minus_random,3,0.556,0.5807,0.556,-0.0247,-0.0508,0.0078,,s7:-0.051;s17:-0.031;s27:+0.008
deepseek_v2_lite,P7_anomaly_present,macro_f1,L1,pretrained_minus_random,3,0.5537,0.5769,0.5537,-0.0232,-0.0409,0.0031,,s7:-0.041;s17:-0.032;s27:+0.003
deepseek_v2_lite,P8_anomaly_location,balanced_accuracy,L1,pretrained_minus_random,3,0.1835,0.1772,0.1835,0.0063,-0.0495,0.0413,,s7:+0.041;s17:+0.027;s27:-0.050
deepseek_v2_lite,P8_anomaly_location,macro_f1,L1,pretrained_minus_random,3,0.1827,0.1754,0.1827,0.0073,-0.0449,0.0394,,s7:+0.039;s17:+0.027;s27:-0.045
deepseek_v2_lite,P9_changepoint_present,balanced_accuracy,L1,pretrained_minus_random,3,0.918,0.944,0.918,-0.026,-0.0547,-0.0117,,s7:-0.012;s17:-0.055;s27:-0.012
deepseek_v2_lite,P9_changepoint_present,macro_f1,L1,pretrained_minus_random,3,0.9178,0.9439,0.9178,-0.0262,-0.0548,-0.0118,,s7:-0.012;s17:-0.055;s27:-0.012
deepseek_v2_lite,P10_changepoint_location,balanced_accuracy,L7,pretrained_minus_random,3,0.3935,0.3184,0.3935,0.0752,0.0646,0.0869,,s7:+0.074;s17:+0.087;s27:+0.065
deepseek_v2_lite,P10_changepoint_location,macro_f1,L7,pretrained_minus_random,3,0.3841,0.3125,0.3841,0.0715,0.0465,0.0867,,s7:+0.081;s17:+0.087;s27:+0.046
deepseek_v2_lite,P1_trend_direction,balanced_accuracy,L7,pretrained_minus_random,3,1.0,1.0,1.0,0.0,0.0,0.0,,s7:+0.000;s17:+0.000;s27:+0.000
deepseek_v2_lite,P1_trend_direction,macro_f1,L7,pretrained_minus_random,3,1.0,1.0,1.0,0.0,0.0,0.0,,s7:+0.000;s17:+0.000;s27:+0.000
deepseek_v2_lite,P2_trend_strength,balanced_accuracy,L7,pretrained_minus_random,3,0.3845,0.361,0.3845,0.0236,-0.0056,0.0454,,s7:-0.006;s17:+0.045;s27:+0.031
deepseek_v2_lite,P2_trend_strength,macro_f1,L7,pretrained_minus_random,3,0.3764,0.354,0.3764,0.0224,-0.0038,0.0525,,s7:-0.004;s17:+0.052;s27:+0.019
deepseek_v2_lite,P2b_trend_strength_reg,r2,L7,pretrained_minus_random,3,-0.3328,-0.6523,-0.3328,0.3195,0.1619,0.5963,,s7:+0.596;s17:+0.200;s27:+0.162
deepseek_v2_lite,P2b_trend_strength_reg,nmae,L7,pretrained_minus_random,3,0.9104,1.0416,0.9104,-0.1311,-0.2085,-0.0798,,s7:-0.209;s17:-0.080;s27:-0.105
deepseek_v2_lite,P3_periodicity_present,balanced_accuracy,L7,pretrained_minus_random,3,0.9806,0.9757,0.9806,0.0049,-0.0083,0.0146,,s7:+0.015;s17:-0.008;s27:+0.008
deepseek_v2_lite,P3_periodicity_present,macro_f1,L7,pretrained_minus_random,3,0.9842,0.9731,0.9842,0.0111,-0.0063,0.0244,,s7:+0.024;s17:-0.006;s27:+0.015
deepseek_v2_lite,P4_dominant_period,balanced_accuracy,L7,pretrained_minus_random,3,0.8354,0.4319,0.8354,0.4035,0.3678,0.4702,,s7:+0.470;s17:+0.368;s27:+0.372
deepseek_v2_lite,P4_dominant_period,macro_f1,L7,pretrained_minus_random,3,0.8363,0.4354,0.8363,0.4008,0.3676,0.4638,,s7:+0.464;s17:+0.368;s27:+0.371
deepseek_v2_lite,P4b_dominant_period_reg,r2,L7,pretrained_minus_random,3,0.9602,0.595,0.9602,0.3652,0.2169,0.4994,,s7:+0.379;s17:+0.217;s27:+0.499
deepseek_v2_lite,P4b_dominant_period_reg,nmae,L7,pretrained_minus_random,3,0.1549,0.4994,0.1549,-0.3445,-0.4185,-0.2444,,s7:-0.371;s17:-0.244;s27:-0.419
deepseek_v2_lite,P5_local_dependence,balanced_accuracy,L7,pretrained_minus_random,3,0.4743,0.3416,0.4743,0.1327,0.094,0.1522,,s7:+0.152;s17:+0.094;s27:+0.152
deepseek_v2_lite,P5_local_dependence,macro_f1,L7,pretrained_minus_random,3,0.4605,0.3381,0.4605,0.1224,0.0932,0.141,,s7:+0.141;s17:+0.093;s27:+0.133
deepseek_v2_lite,P5b_local_dependence_reg,r2,L7,pretrained_minus_random,3,0.3083,-0.5051,0.3083,0.8134,0.739,0.9289,,s7:+0.929;s17:+0.739;s27:+0.772
deepseek_v2_lite,P5b_local_dependence_reg,nmae,L7,pretrained_minus_random,3,0.655,0.9902,0.655,-0.3352,-0.3899,-0.2853,,s7:-0.390;s17:-0.285;s27:-0.330
deepseek_v2_lite,P6_noise_level,balanced_accuracy,L7,pretrained_minus_random,3,0.5047,0.4397,0.5047,0.065,0.0235,0.112,,s7:+0.112;s17:+0.023;s27:+0.059
deepseek_v2_lite,P6_noise_level,macro_f1,L7,pretrained_minus_random,3,0.5034,0.4297,0.5034,0.0737,0.0289,0.1315,,s7:+0.131;s17:+0.029;s27:+0.061
deepseek_v2_lite,P7_anomaly_present,balanced_accuracy,L7,pretrained_minus_random,3,0.7344,0.5742,0.7344,0.1602,0.1328,0.2031,,s7:+0.145;s17:+0.203;s27:+0.133
deepseek_v2_lite,P7_anomaly_present,macro_f1,L7,pretrained_minus_random,3,0.7326,0.573,0.7326,0.1596,0.1339,0.201,,s7:+0.144;s17:+0.201;s27:+0.134
deepseek_v2_lite,P8_anomaly_location,balanced_accuracy,L7,pretrained_minus_random,3,0.2449,0.1626,0.2449,0.0822,0.0637,0.1051,,s7:+0.105;s17:+0.064;s27:+0.078
deepseek_v2_lite,P8_anomaly_location,macro_f1,L7,pretrained_minus_random,3,0.2392,0.1606,0.2392,0.0786,0.0644,0.0921,,s7:+0.092;s17:+0.064;s27:+0.079
deepseek_v2_lite,P9_changepoint_present,balanced_accuracy,L7,pretrained_minus_random,3,0.9727,0.9583,0.9727,0.0143,0.0,0.0391,,s7:+0.039;s17:+0.000;s27:+0.004
deepseek_v2_lite,P9_changepoint_present,macro_f1,L7,pretrained_minus_random,3,0.9726,0.9583,0.9726,0.0144,0.0,0.0392,,s7:+0.039;s17:+0.000;s27:+0.004
deepseek_v2_lite,P10_changepoint_location,balanced_accuracy,L14,pretrained_minus_random,3,0.3427,0.3339,0.3427,0.0089,-0.0161,0.055,,s7:-0.012;s17:+0.055;s27:-0.016
deepseek_v2_lite,P10_changepoint_location,macro_f1,L14,pretrained_minus_random,3,0.3314,0.3302,0.3314,0.0013,-0.0212,0.0312,,s7:-0.006;s17:+0.031;s27:-0.021
deepseek_v2_lite,P1_trend_direction,balanced_accuracy,L14,pretrained_minus_random,3,0.9983,1.0,0.9983,-0.0017,-0.0051,0.0,,s7:-0.005;s17:+0.000;s27:+0.000
deepseek_v2_lite,P1_trend_direction,macro_f1,L14,pretrained_minus_random,3,0.9983,1.0,0.9983,-0.0017,-0.005,0.0,,s7:-0.005;s17:+0.000;s27:+0.000
deepseek_v2_lite,P2_trend_strength,balanced_accuracy,L14,pretrained_minus_random,3,0.3866,0.3431,0.3866,0.0435,-0.0113,0.0747,,s7:+0.075;s17:-0.011;s27:+0.067
deepseek_v2_lite,P2_trend_strength,macro_f1,L14,pretrained_minus_random,3,0.3798,0.3404,0.3798,0.0393,-0.0086,0.0724,,s7:+0.072;s17:-0.009;s27:+0.054
deepseek_v2_lite,P2b_trend_strength_reg,r2,L14,pretrained_minus_random,3,-0.3999,-0.5525,-0.3999,0.1526,-0.0525,0.2637,,s7:-0.053;s17:+0.247;s27:+0.264
deepseek_v2_lite,P2b_trend_strength_reg,nmae,L14,pretrained_minus_random,3,0.9425,1.0053,0.9425,-0.0627,-0.1147,0.0116,,s7:+0.012;s17:-0.085;s27:-0.115
deepseek_v2_lite,P3_periodicity_present,balanced_accuracy,L14,pretrained_minus_random,3,0.9806,0.9743,0.9806,0.0063,0.0,0.0104,,s7:+0.008;s17:+0.000;s27:+0.010
deepseek_v2_lite,P3_periodicity_present,macro_f1,L14,pretrained_minus_random,3,0.9832,0.9711,0.9832,0.0121,0.0,0.0213,,s7:+0.015;s17:+0.000;s27:+0.021
deepseek_v2_lite,P4_dominant_period,balanced_accuracy,L14,pretrained_minus_random,3,0.7805,0.4521,0.7805,0.3284,0.2587,0.4351,,s7:+0.435;s17:+0.291;s27:+0.259
deepseek_v2_lite,P4_dominant_period,macro_f1,L14,pretrained_minus_random,3,0.7798,0.4555,0.7798,0.3243,0.2522,0.4315,,s7:+0.431;s17:+0.289;s27:+0.252
deepseek_v2_lite,P4b_dominant_period_reg,r2,L14,pretrained_minus_random,3,0.9542,0.6183,0.9542,0.3358,0.2325,0.4211,,s7:+0.354;s17:+0.232;s27:+0.421
deepseek_v2_lite,P4b_dominant_period_reg,nmae,L14,pretrained_minus_random,3,0.1655,0.4782,0.1655,-0.3127,-0.3547,-0.2431,,s7:-0.355;s17:-0.243;s27:-0.340
deepseek_v2_lite,P5_local_dependence,balanced_accuracy,L14,pretrained_minus_random,3,0.4654,0.3659,0.4654,0.0995,0.0915,0.1087,,s7:+0.109;s17:+0.098;s27:+0.092
deepseek_v2_lite,P5_local_dependence,macro_f1,L14,pretrained_minus_random,3,0.4538,0.3623,0.4538,0.0915,0.0817,0.1045,,s7:+0.105;s17:+0.088;s27:+0.082
deepseek_v2_lite,P5b_local_dependence_reg,r2,L14,pretrained_minus_random,3,0.3004,-0.4397,0.3004,0.7401,0.6033,0.8216,,s7:+0.796;s17:+0.822;s27:+0.603
deepseek_v2_lite,P5b_local_dependence_reg,nmae,L14,pretrained_minus_random,3,0.6811,0.9723,0.6811,-0.2912,-0.3264,-0.2378,,s7:-0.326;s17:-0.309;s27:-0.238
deepseek_v2_lite,P6_noise_level,balanced_accuracy,L14,pretrained_minus_random,3,0.5319,0.4391,0.5319,0.0928,0.0525,0.1499,,s7:+0.150;s17:+0.076;s27:+0.053
deepseek_v2_lite,P6_noise_level,macro_f1,L14,pretrained_minus_random,3,0.5302,0.4341,0.5302,0.0961,0.0587,0.151,,s7:+0.151;s17:+0.079;s27:+0.059
deepseek_v2_lite,P7_anomaly_present,balanced_accuracy,L14,pretrained_minus_random,3,0.7865,0.599,0.7865,0.1875,0.168,0.2148,,s7:+0.168;s17:+0.215;s27:+0.180
deepseek_v2_lite,P7_anomaly_present,macro_f1,L14,pretrained_minus_random,3,0.785,0.5988,0.785,0.1861,0.1645,0.2143,,s7:+0.164;s17:+0.214;s27:+0.180
deepseek_v2_lite,P8_anomaly_location,balanced_accuracy,L14,pretrained_minus_random,3,0.2455,0.1906,0.2455,0.0549,-0.0077,0.0909,,s7:-0.008;s17:+0.082;s27:+0.091
deepseek_v2_lite,P8_anomaly_location,macro_f1,L14,pretrained_minus_random,3,0.2449,0.1889,0.2449,0.056,-0.0179,0.1012,,s7:-0.018;s17:+0.085;s27:+0.101
deepseek_v2_lite,P9_changepoint_present,balanced_accuracy,L14,pretrained_minus_random,3,0.9701,0.9583,0.9701,0.0117,0.0,0.0273,,s7:+0.027;s17:+0.000;s27:+0.008
deepseek_v2_lite,P9_changepoint_present,macro_f1,L14,pretrained_minus_random,3,0.97,0.9583,0.97,0.0118,0.0,0.0274,,s7:+0.027;s17:+0.000;s27:+0.008
deepseek_v2_lite,P10_changepoint_location,balanced_accuracy,L20,pretrained_minus_random,3,0.3459,0.3276,0.3459,0.0183,-0.0491,0.0624,,s7:+0.042;s17:-0.049;s27:+0.062
deepseek_v2_lite,P10_changepoint_location,macro_f1,L20,pretrained_minus_random,3,0.3261,0.3214,0.3261,0.0047,-0.0669,0.0431,,s7:+0.043;s17:-0.067;s27:+0.038
deepseek_v2_lite,P1_trend_direction,balanced_accuracy,L20,pretrained_minus_random,3,0.9933,1.0,0.9933,-0.0067,-0.02,0.0,,s7:-0.020;s17:+0.000;s27:+0.000
deepseek_v2_lite,P1_trend_direction,macro_f1,L20,pretrained_minus_random,3,0.9933,1.0,0.9933,-0.0067,-0.02,0.0,,s7:-0.020;s17:+0.000;s27:+0.000
deepseek_v2_lite,P2_trend_strength,balanced_accuracy,L20,pretrained_minus_random,3,0.3963,0.332,0.3963,0.0643,-0.0035,0.0992,,s7:+0.099;s17:-0.004;s27:+0.097
deepseek_v2_lite,P2_trend_strength,macro_f1,L20,pretrained_minus_random,3,0.3939,0.3275,0.3939,0.0665,0.0078,0.0993,,s7:+0.099;s17:+0.008;s27:+0.092
deepseek_v2_lite,P2b_trend_strength_reg,r2,L20,pretrained_minus_random,3,-0.5497,-0.5006,-0.5497,-0.0491,-0.1753,0.0961,,s7:-0.068;s17:-0.175;s27:+0.096
deepseek_v2_lite,P2b_trend_strength_reg,nmae,L20,pretrained_minus_random,3,0.9886,0.9867,0.9886,0.0019,-0.0448,0.032,,s7:+0.019;s17:+0.032;s27:-0.045
deepseek_v2_lite,P3_periodicity_present,balanced_accuracy,L20,pretrained_minus_random,3,0.9792,0.9778,0.9792,0.0014,-0.0021,0.0042,,s7:+0.004;s17:+0.002;s27:-0.002
deepseek_v2_lite,P3_periodicity_present,macro_f1,L20,pretrained_minus_random,3,0.9811,0.9761,0.9811,0.005,0.0,0.009,,s7:+0.009;s17:+0.000;s27:+0.006
deepseek_v2_lite,P4_dominant_period,balanced_accuracy,L20,pretrained_minus_random,3,0.766,0.4585,0.766,0.3075,0.2615,0.3973,,s7:+0.397;s17:+0.262;s27:+0.264
deepseek_v2_lite,P4_dominant_period,macro_f1,L20,pretrained_minus_random,3,0.765,0.461,0.765,0.304,0.2534,0.3973,,s7:+0.397;s17:+0.261;s27:+0.253
deepseek_v2_lite,P4b_dominant_period_reg,r2,L20,pretrained_minus_random,3,0.933,0.5738,0.933,0.3592,0.2368,0.4499,,s7:+0.391;s17:+0.237;s27:+0.450
deepseek_v2_lite,P4b_dominant_period_reg,nmae,L20,pretrained_minus_random,3,0.2011,0.5056,0.2011,-0.3044,-0.3478,-0.2315,,s7:-0.348;s17:-0.231;s27:-0.334
deepseek_v2_lite,P5_local_dependence,balanced_accuracy,L20,pretrained_minus_random,3,0.5002,0.3873,0.5002,0.1129,0.0825,0.1284,,s7:+0.128;s17:+0.082;s27:+0.128
deepseek_v2_lite,P5_local_dependence,macro_f1,L20,pretrained_minus_random,3,0.4939,0.3843,0.4939,0.1096,0.0743,0.1297,,s7:+0.130;s17:+0.074;s27:+0.125
deepseek_v2_lite,P5b_local_dependence_reg,r2,L20,pretrained_minus_random,3,0.3229,-0.3958,0.3229,0.7187,0.6812,0.7487,,s7:+0.726;s17:+0.681;s27:+0.749
deepseek_v2_lite,P5b_local_dependence_reg,nmae,L20,pretrained_minus_random,3,0.6702,0.9631,0.6702,-0.2929,-0.3133,-0.2715,,s7:-0.294;s17:-0.272;s27:-0.313
deepseek_v2_lite,P6_noise_level,balanced_accuracy,L20,pretrained_minus_random,3,0.5455,0.4323,0.5455,0.1132,0.0873,0.1479,,s7:+0.148;s17:+0.104;s27:+0.087
deepseek_v2_lite,P6_noise_level,macro_f1,L20,pretrained_minus_random,3,0.5454,0.427,0.5454,0.1184,0.0898,0.1523,,s7:+0.152;s17:+0.113;s27:+0.090
deepseek_v2_lite,P7_anomaly_present,balanced_accuracy,L20,pretrained_minus_random,3,0.7839,0.5846,0.7839,0.1992,0.1445,0.2305,,s7:+0.223;s17:+0.230;s27:+0.145
deepseek_v2_lite,P7_anomaly_present,macro_f1,L20,pretrained_minus_random,3,0.7827,0.5844,0.7827,0.1983,0.1446,0.23,,s7:+0.220;s17:+0.230;s27:+0.145
deepseek_v2_lite,P8_anomaly_location,balanced_accuracy,L20,pretrained_minus_random,3,0.2449,0.1677,0.2449,0.0772,0.0718,0.0827,,s7:+0.072;s17:+0.077;s27:+0.083
deepseek_v2_lite,P8_anomaly_location,macro_f1,L20,pretrained_minus_random,3,0.2408,0.1644,0.2408,0.0764,0.0669,0.0837,,s7:+0.067;s17:+0.079;s27:+0.084
deepseek_v2_lite,P9_changepoint_present,balanced_accuracy,L20,pretrained_minus_random,3,0.9505,0.9557,0.9505,-0.0052,-0.0117,0.0,,s7:+0.000;s17:-0.004;s27:-0.012
deepseek_v2_lite,P9_changepoint_present,macro_f1,L20,pretrained_minus_random,3,0.9505,0.9557,0.9505,-0.0052,-0.0116,0.0,,s7:+0.000;s17:-0.004;s27:-0.012
deepseek_v2_lite,P10_changepoint_location,balanced_accuracy,final,pretrained_minus_random,3,0.3329,0.349,0.3329,-0.0161,-0.0421,0.0263,,s7:+0.026;s17:-0.042;s27:-0.032
deepseek_v2_lite,P10_changepoint_location,macro_f1,final,pretrained_minus_random,3,0.3147,0.3435,0.3147,-0.0288,-0.0601,0.0103,,s7:+0.010;s17:-0.060;s27:-0.037
deepseek_v2_lite,P1_trend_direction,balanced_accuracy,final,pretrained_minus_random,3,1.0,1.0,1.0,0.0,0.0,0.0,,s7:+0.000;s17:+0.000;s27:+0.000
deepseek_v2_lite,P1_trend_direction,macro_f1,final,pretrained_minus_random,3,1.0,1.0,1.0,0.0,0.0,0.0,,s7:+0.000;s17:+0.000;s27:+0.000
deepseek_v2_lite,P2_trend_strength,balanced_accuracy,final,pretrained_minus_random,3,0.3959,0.3346,0.3959,0.0613,0.0151,0.1074,,s7:+0.061;s17:+0.015;s27:+0.107
deepseek_v2_lite,P2_trend_strength,macro_f1,final,pretrained_minus_random,3,0.391,0.3297,0.391,0.0613,0.0169,0.1049,,s7:+0.062;s17:+0.017;s27:+0.105
deepseek_v2_lite,P2b_trend_strength_reg,r2,final,pretrained_minus_random,3,-0.4287,-0.4986,-0.4287,0.07,-0.0286,0.226,,s7:+0.012;s17:-0.029;s27:+0.226
deepseek_v2_lite,P2b_trend_strength_reg,nmae,final,pretrained_minus_random,3,0.9495,0.9905,0.9495,-0.0411,-0.1171,0.0022,,s7:+0.002;s17:-0.008;s27:-0.117
deepseek_v2_lite,P3_periodicity_present,balanced_accuracy,final,pretrained_minus_random,3,0.9757,0.975,0.9757,0.0007,-0.0021,0.0042,,s7:-0.002;s17:+0.004;s27:+0.000
deepseek_v2_lite,P3_periodicity_present,macro_f1,final,pretrained_minus_random,3,0.977,0.9712,0.977,0.0059,0.0027,0.0118,,s7:+0.003;s17:+0.003;s27:+0.012
deepseek_v2_lite,P4_dominant_period,balanced_accuracy,final,pretrained_minus_random,3,0.7205,0.4625,0.7205,0.258,0.1948,0.3216,,s7:+0.322;s17:+0.258;s27:+0.195
deepseek_v2_lite,P4_dominant_period,macro_f1,final,pretrained_minus_random,3,0.7192,0.4646,0.7192,0.2546,0.1892,0.3202,,s7:+0.320;s17:+0.254;s27:+0.189
deepseek_v2_lite,P4b_dominant_period_reg,r2,final,pretrained_minus_random,3,0.9286,0.5688,0.9286,0.3598,0.207,0.4427,,s7:+0.443;s17:+0.207;s27:+0.430
deepseek_v2_lite,P4b_dominant_period_reg,nmae,final,pretrained_minus_random,3,0.2026,0.5037,0.2026,-0.3011,-0.3659,-0.2075,,s7:-0.366;s17:-0.208;s27:-0.330
deepseek_v2_lite,P5_local_dependence,balanced_accuracy,final,pretrained_minus_random,3,0.4715,0.3689,0.4715,0.1026,0.1006,0.1055,,s7:+0.102;s17:+0.101;s27:+0.106
deepseek_v2_lite,P5_local_dependence,macro_f1,final,pretrained_minus_random,3,0.4648,0.3633,0.4648,0.1014,0.0942,0.1069,,s7:+0.107;s17:+0.094;s27:+0.103
deepseek_v2_lite,P5b_local_dependence_reg,r2,final,pretrained_minus_random,3,0.3141,-0.4065,0.3141,0.7206,0.641,0.8085,,s7:+0.641;s17:+0.712;s27:+0.809
deepseek_v2_lite,P5b_local_dependence_reg,nmae,final,pretrained_minus_random,3,0.6634,0.9611,0.6634,-0.2977,-0.3188,-0.2792,,s7:-0.279;s17:-0.295;s27:-0.319
deepseek_v2_lite,P6_noise_level,balanced_accuracy,final,pretrained_minus_random,3,0.5375,0.4357,0.5375,0.1018,0.0245,0.1639,,s7:+0.164;s17:+0.024;s27:+0.117
deepseek_v2_lite,P6_noise_level,macro_f1,final,pretrained_minus_random,3,0.5363,0.4304,0.5363,0.1059,0.033,0.1672,,s7:+0.167;s17:+0.033;s27:+0.118
deepseek_v2_lite,P7_anomaly_present,balanced_accuracy,final,pretrained_minus_random,3,0.7982,0.5768,0.7982,0.2214,0.2031,0.2344,,s7:+0.234;s17:+0.227;s27:+0.203
deepseek_v2_lite,P7_anomaly_present,macro_f1,final,pretrained_minus_random,3,0.7973,0.5763,0.7973,0.221,0.2033,0.233,,s7:+0.233;s17:+0.227;s27:+0.203
deepseek_v2_lite,P8_anomaly_location,balanced_accuracy,final,pretrained_minus_random,3,0.2237,0.1621,0.2237,0.0616,0.0037,0.1015,,s7:+0.004;s17:+0.102;s27:+0.080
deepseek_v2_lite,P8_anomaly_location,macro_f1,final,pretrained_minus_random,3,0.22,0.162,0.22,0.058,-0.0063,0.0931,,s7:-0.006;s17:+0.093;s27:+0.087
deepseek_v2_lite,P9_changepoint_present,balanced_accuracy,final,pretrained_minus_random,3,0.9518,0.9544,0.9518,-0.0026,-0.0273,0.0156,,s7:+0.016;s17:+0.004;s27:-0.027
deepseek_v2_lite,P9_changepoint_present,macro_f1,final,pretrained_minus_random,3,0.9518,0.9544,0.9518,-0.0026,-0.0273,0.0157,,s7:+0.016;s17:+0.004;s27:-0.027
gemma2_2b,P10_changepoint_location,balanced_accuracy,n/a,handcrafted,6,,,0.1859,,,,,
gemma2_2b,P10_changepoint_location,macro_f1,n/a,handcrafted,6,,,0.1824,,,,,
gemma2_2b,P1_trend_direction,balanced_accuracy,n/a,handcrafted,6,,,0.4849,,,,,
gemma2_2b,P1_trend_direction,macro_f1,n/a,handcrafted,6,,,0.4841,,,,,
gemma2_2b,P2_trend_strength,balanced_accuracy,n/a,handcrafted,6,,,0.4258,,,,,
gemma2_2b,P2_trend_strength,macro_f1,n/a,handcrafted,6,,,0.4253,,,,,
gemma2_2b,P2b_trend_strength_reg,r2,n/a,handcrafted,6,,,0.319,,,,,
gemma2_2b,P2b_trend_strength_reg,nmae,n/a,handcrafted,6,,,0.6699,,,,,
gemma2_2b,P3_periodicity_present,balanced_accuracy,n/a,handcrafted,6,,,0.9986,,,,,
gemma2_2b,P3_periodicity_present,macro_f1,n/a,handcrafted,6,,,0.999,,,,,
gemma2_2b,P4_dominant_period,balanced_accuracy,n/a,handcrafted,6,,,0.977,,,,,
gemma2_2b,P4_dominant_period,macro_f1,n/a,handcrafted,6,,,0.9772,,,,,
gemma2_2b,P4b_dominant_period_reg,r2,n/a,handcrafted,6,,,0.9213,,,,,
gemma2_2b,P4b_dominant_period_reg,nmae,n/a,handcrafted,6,,,0.2233,,,,,
gemma2_2b,P5_local_dependence,balanced_accuracy,n/a,handcrafted,6,,,0.5555,,,,,
gemma2_2b,P5_local_dependence,macro_f1,n/a,handcrafted,6,,,0.5362,,,,,
gemma2_2b,P5b_local_dependence_reg,r2,n/a,handcrafted,6,,,0.6624,,,,,
gemma2_2b,P5b_local_dependence_reg,nmae,n/a,handcrafted,6,,,0.4572,,,,,
gemma2_2b,P6_noise_level,balanced_accuracy,n/a,handcrafted,6,,,0.5013,,,,,
gemma2_2b,P6_noise_level,macro_f1,n/a,handcrafted,6,,,0.4413,,,,,
gemma2_2b,P7_anomaly_present,balanced_accuracy,n/a,handcrafted,6,,,0.7292,,,,,
gemma2_2b,P7_anomaly_present,macro_f1,n/a,handcrafted,6,,,0.7283,,,,,
gemma2_2b,P8_anomaly_location,balanced_accuracy,n/a,handcrafted,6,,,0.1508,,,,,
gemma2_2b,P8_anomaly_location,macro_f1,n/a,handcrafted,6,,,0.1364,,,,,
gemma2_2b,P9_changepoint_present,balanced_accuracy,n/a,handcrafted,6,,,0.8581,,,,,
gemma2_2b,P9_changepoint_present,macro_f1,n/a,handcrafted,6,,,0.858,,,,,
gemma2_2b,P10_changepoint_location,balanced_accuracy,L1,pretrained_minus_random,3,0.2702,0.248,0.2702,0.0221,-0.0405,0.0826,,s7:+0.024;s17:-0.041;s27:+0.083
gemma2_2b,P10_changepoint_location,macro_f1,L1,pretrained_minus_random,3,0.2562,0.2406,0.2562,0.0156,-0.0389,0.0856,,s7:+0.000;s17:-0.039;s27:+0.086
gemma2_2b,P1_trend_direction,balanced_accuracy,L1,pretrained_minus_random,3,1.0,0.997,1.0,0.003,0.0,0.0091,,s7:+0.000;s17:+0.000;s27:+0.009
gemma2_2b,P1_trend_direction,macro_f1,L1,pretrained_minus_random,3,1.0,0.9966,1.0,0.0034,0.0,0.0101,,s7:+0.000;s17:+0.000;s27:+0.010
gemma2_2b,P2_trend_strength,balanced_accuracy,L1,pretrained_minus_random,3,0.2765,0.3304,0.2765,-0.0539,-0.1094,-0.0218,,s7:-0.030;s17:-0.109;s27:-0.022
gemma2_2b,P2_trend_strength,macro_f1,L1,pretrained_minus_random,3,0.2541,0.3247,0.2541,-0.0706,-0.1297,-0.0341,,s7:-0.034;s17:-0.130;s27:-0.048
gemma2_2b,P2b_trend_strength_reg,r2,L1,pretrained_minus_random,3,-0.5321,-1.0149,-0.5321,0.4828,0.22,0.9443,,s7:+0.284;s17:+0.944;s27:+0.220
gemma2_2b,P2b_trend_strength_reg,nmae,L1,pretrained_minus_random,3,0.9931,1.1149,0.9931,-0.1218,-0.2638,-0.0505,,s7:-0.050;s17:-0.264;s27:-0.051
gemma2_2b,P3_periodicity_present,balanced_accuracy,L1,pretrained_minus_random,3,0.9542,0.8958,0.9542,0.0583,0.0438,0.0833,,s7:+0.048;s17:+0.044;s27:+0.083
gemma2_2b,P3_periodicity_present,macro_f1,L1,pretrained_minus_random,3,0.9467,0.8796,0.9467,0.0671,0.0477,0.0896,,s7:+0.064;s17:+0.048;s27:+0.090
gemma2_2b,P4_dominant_period,balanced_accuracy,L1,pretrained_minus_random,3,0.2383,0.2518,0.2383,-0.0134,-0.098,0.1112,,s7:-0.053;s17:+0.111;s27:-0.098
gemma2_2b,P4_dominant_period,macro_f1,L1,pretrained_minus_random,3,0.2337,0.2474,0.2337,-0.0137,-0.0996,0.0989,,s7:-0.040;s17:+0.099;s27:-0.100
gemma2_2b,P4b_dominant_period_reg,r2,L1,pretrained_minus_random,3,0.0167,-0.5953,0.0167,0.612,0.2981,0.9124,,s7:+0.298;s17:+0.625;s27:+0.912
gemma2_2b,P4b_dominant_period_reg,nmae,L1,pretrained_minus_random,3,0.7837,1.0048,0.7837,-0.2211,-0.2984,-0.1243,,s7:-0.124;s17:-0.241;s27:-0.298
gemma2_2b,P5_local_dependence,balanced_accuracy,L1,pretrained_minus_random,3,0.2802,0.2726,0.2802,0.0075,-0.0168,0.0328,,s7:+0.033;s17:+0.007;s27:-0.017
gemma2_2b,P5_local_dependence,macro_f1,L1,pretrained_minus_random,3,0.2735,0.2657,0.2735,0.0078,-0.0217,0.0258,,s7:+0.026;s17:+0.019;s27:-0.022
gemma2_2b,P5b_local_dependence_reg,r2,L1,pretrained_minus_random,3,-0.2704,-1.4818,-0.2704,1.2114,0.6395,1.6075,,s7:+1.387;s17:+0.640;s27:+1.607
gemma2_2b,P5b_local_dependence_reg,nmae,L1,pretrained_minus_random,3,0.9208,1.2529,0.9208,-0.3321,-0.4333,-0.193,,s7:-0.370;s17:-0.193;s27:-0.433
gemma2_2b,P6_noise_level,balanced_accuracy,L1,pretrained_minus_random,3,0.3427,0.3996,0.3427,-0.0569,-0.0866,-0.0351,,s7:-0.049;s17:-0.087;s27:-0.035
gemma2_2b,P6_noise_level,macro_f1,L1,pretrained_minus_random,3,0.3097,0.3904,0.3097,-0.0807,-0.1208,-0.0572,,s7:-0.064;s17:-0.121;s27:-0.057
gemma2_2b,P7_anomaly_present,balanced_accuracy,L1,pretrained_minus_random,3,0.5625,0.5195,0.5625,0.043,0.0039,0.0703,,s7:+0.004;s17:+0.070;s27:+0.055
gemma2_2b,P7_anomaly_present,macro_f1,L1,pretrained_minus_random,3,0.5595,0.5193,0.5595,0.0402,0.0035,0.0657,,s7:+0.004;s17:+0.066;s27:+0.051
gemma2_2b,P8_anomaly_location,balanced_accuracy,L1,pretrained_minus_random,3,0.14,0.1523,0.14,-0.0123,-0.0333,-0.0014,,s7:-0.001;s17:-0.033;s27:-0.002
gemma2_2b,P8_anomaly_location,macro_f1,L1,pretrained_minus_random,3,0.133,0.1492,0.133,-0.0161,-0.0503,0.0091,,s7:-0.007;s17:-0.050;s27:+0.009
gemma2_2b,P9_changepoint_present,balanced_accuracy,L1,pretrained_minus_random,3,0.9245,0.7865,0.9245,0.138,0.0586,0.2227,,s7:+0.223;s17:+0.059;s27:+0.133
gemma2_2b,P9_changepoint_present,macro_f1,L1,pretrained_minus_random,3,0.9243,0.7853,0.9243,0.139,0.0589,0.2251,,s7:+0.225;s17:+0.059;s27:+0.133
gemma2_2b,P10_changepoint_location,balanced_accuracy,L6,pretrained_minus_random,3,0.283,0.2433,0.283,0.0397,-0.0287,0.1163,,s7:+0.031;s17:-0.029;s27:+0.116
gemma2_2b,P10_changepoint_location,macro_f1,L6,pretrained_minus_random,3,0.2785,0.2408,0.2785,0.0377,-0.0291,0.1225,,s7:+0.020;s17:-0.029;s27:+0.122
gemma2_2b,P1_trend_direction,balanced_accuracy,L6,pretrained_minus_random,3,1.0,1.0,1.0,0.0,0.0,0.0,,s7:+0.000;s17:+0.000;s27:+0.000
gemma2_2b,P1_trend_direction,macro_f1,L6,pretrained_minus_random,3,1.0,1.0,1.0,0.0,0.0,0.0,,s7:+0.000;s17:+0.000;s27:+0.000
gemma2_2b,P2_trend_strength,balanced_accuracy,L6,pretrained_minus_random,3,0.3335,0.345,0.3335,-0.0115,-0.0568,0.0478,,s7:+0.048;s17:-0.026;s27:-0.057
gemma2_2b,P2_trend_strength,macro_f1,L6,pretrained_minus_random,3,0.3344,0.3413,0.3344,-0.0068,-0.0428,0.0532,,s7:+0.053;s17:-0.031;s27:-0.043
gemma2_2b,P2b_trend_strength_reg,r2,L6,pretrained_minus_random,3,-0.3614,-0.111,-0.3614,-0.2504,-0.4179,-0.0719,,s7:-0.072;s17:-0.418;s27:-0.261
gemma2_2b,P2b_trend_strength_reg,nmae,L6,pretrained_minus_random,3,0.9427,0.8422,0.9427,0.1005,0.0176,0.1581,,s7:+0.018;s17:+0.158;s27:+0.126
gemma2_2b,P3_periodicity_present,balanced_accuracy,L6,pretrained_minus_random,3,0.9743,0.9382,0.9743,0.0361,0.025,0.0458,,s7:+0.038;s17:+0.025;s27:+0.046
gemma2_2b,P3_periodicity_present,macro_f1,L6,pretrained_minus_random,3,0.9779,0.9332,0.9779,0.0446,0.0281,0.0536,,s7:+0.054;s17:+0.028;s27:+0.052
gemma2_2b,P4_dominant_period,balanced_accuracy,L6,pretrained_minus_random,3,0.4472,0.3081,0.4472,0.1391,0.102,0.2011,,s7:+0.201;s17:+0.114;s27:+0.102
gemma2_2b,P4_dominant_period,macro_f1,L6,pretrained_minus_random,3,0.4419,0.306,0.4419,0.1359,0.092,0.1982,,s7:+0.198;s17:+0.118;s27:+0.092
gemma2_2b,P4b_dominant_period_reg,r2,L6,pretrained_minus_random,3,0.8462,0.1582,0.8462,0.688,0.5937,0.7508,,s7:+0.751;s17:+0.594;s27:+0.719
gemma2_2b,P4b_dominant_period_reg,nmae,L6,pretrained_minus_random,3,0.3024,0.7354,0.3024,-0.4329,-0.4692,-0.39,,s7:-0.469;s17:-0.390;s27:-0.440
gemma2_2b,P5_local_dependence,balanced_accuracy,L6,pretrained_minus_random,3,0.4166,0.2859,0.4166,0.1307,0.1289,0.1326,,s7:+0.129;s17:+0.131;s27:+0.133
gemma2_2b,P5_local_dependence,macro_f1,L6,pretrained_minus_random,3,0.4104,0.2865,0.4104,0.1238,0.1154,0.1285,,s7:+0.115;s17:+0.129;s27:+0.128
gemma2_2b,P5b_local_dependence_reg,r2,L6,pretrained_minus_random,3,0.1577,-0.2468,0.1577,0.4045,0.2928,0.5487,,s7:+0.293;s17:+0.372;s27:+0.549
gemma2_2b,P5b_local_dependence_reg,nmae,L6,pretrained_minus_random,3,0.7344,0.9292,0.7344,-0.1947,-0.2497,-0.1428,,s7:-0.143;s17:-0.192;s27:-0.250
gemma2_2b,P6_noise_level,balanced_accuracy,L6,pretrained_minus_random,3,0.4101,0.4167,0.4101,-0.0066,-0.0676,0.0383,,s7:-0.068;s17:+0.038;s27:+0.010
gemma2_2b,P6_noise_level,macro_f1,L6,pretrained_minus_random,3,0.3989,0.4124,0.3989,-0.0135,-0.0795,0.0282,,s7:-0.080;s17:+0.028;s27:+0.011
gemma2_2b,P7_anomaly_present,balanced_accuracy,L6,pretrained_minus_random,3,0.6393,0.5325,0.6393,0.1068,0.043,0.168,,s7:+0.109;s17:+0.168;s27:+0.043
gemma2_2b,P7_anomaly_present,macro_f1,L6,pretrained_minus_random,3,0.639,0.5317,0.639,0.1073,0.0431,0.169,,s7:+0.110;s17:+0.169;s27:+0.043
gemma2_2b,P8_anomaly_location,balanced_accuracy,L6,pretrained_minus_random,3,0.1722,0.1489,0.1722,0.0233,0.0044,0.0381,,s7:+0.027;s17:+0.004;s27:+0.038
gemma2_2b,P8_anomaly_location,macro_f1,L6,pretrained_minus_random,3,0.1703,0.1464,0.1703,0.0239,0.0073,0.0343,,s7:+0.034;s17:+0.007;s27:+0.030
gemma2_2b,P9_changepoint_present,balanced_accuracy,L6,pretrained_minus_random,3,0.9661,0.8607,0.9661,0.1055,0.0625,0.1367,,s7:+0.137;s17:+0.062;s27:+0.117
gemma2_2b,P9_changepoint_present,macro_f1,L6,pretrained_minus_random,3,0.9661,0.8603,0.9661,0.1058,0.0625,0.1374,,s7:+0.137;s17:+0.062;s27:+0.117
gemma2_2b,P10_changepoint_location,balanced_accuracy,p50,pretrained_minus_random,3,0.2716,0.2538,0.2716,0.0177,-0.0264,0.0602,,s7:-0.026;s17:+0.060;s27:+0.019
gemma2_2b,P10_changepoint_location,macro_f1,p50,pretrained_minus_random,3,0.2608,0.2514,0.2608,0.0095,-0.0287,0.0553,,s7:-0.029;s17:+0.055;s27:+0.002
gemma2_2b,P1_trend_direction,balanced_accuracy,p50,pretrained_minus_random,3,1.0,1.0,1.0,0.0,0.0,0.0,,s7:+0.000;s17:+0.000;s27:+0.000
gemma2_2b,P1_trend_direction,macro_f1,p50,pretrained_minus_random,3,1.0,1.0,1.0,0.0,0.0,0.0,,s7:+0.000;s17:+0.000;s27:+0.000
gemma2_2b,P2_trend_strength,balanced_accuracy,p50,pretrained_minus_random,3,0.3452,0.3586,0.3452,-0.0134,-0.0308,-0.0018,,s7:-0.008;s17:-0.031;s27:-0.002
gemma2_2b,P2_trend_strength,macro_f1,p50,pretrained_minus_random,3,0.3425,0.3549,0.3425,-0.0125,-0.0328,0.0029,,s7:-0.007;s17:-0.033;s27:+0.003
gemma2_2b,P2b_trend_strength_reg,r2,p50,pretrained_minus_random,3,-0.4458,-0.0554,-0.4458,-0.3904,-0.4787,-0.2286,,s7:-0.479;s17:-0.464;s27:-0.229
gemma2_2b,P2b_trend_strength_reg,nmae,p50,pretrained_minus_random,3,0.9615,0.8395,0.9615,0.122,0.0545,0.1637,,s7:+0.148;s17:+0.164;s27:+0.055
gemma2_2b,P3_periodicity_present,balanced_accuracy,p50,pretrained_minus_random,3,0.9667,0.9313,0.9667,0.0354,0.0312,0.0396,,s7:+0.031;s17:+0.035;s27:+0.040
gemma2_2b,P3_periodicity_present,macro_f1,p50,pretrained_minus_random,3,0.9686,0.926,0.9686,0.0426,0.0346,0.0515,,s7:+0.042;s17:+0.035;s27:+0.052
gemma2_2b,P4_dominant_period,balanced_accuracy,p50,pretrained_minus_random,3,0.5593,0.2618,0.5593,0.2975,0.2203,0.3381,,s7:+0.334;s17:+0.220;s27:+0.338
gemma2_2b,P4_dominant_period,macro_f1,p50,pretrained_minus_random,3,0.554,0.2597,0.554,0.2943,0.2284,0.329,,s7:+0.325;s17:+0.228;s27:+0.329
gemma2_2b,P4b_dominant_period_reg,r2,p50,pretrained_minus_random,3,0.8487,0.1306,0.8487,0.7181,0.6264,0.797,,s7:+0.731;s17:+0.626;s27:+0.797
gemma2_2b,P4b_dominant_period_reg,nmae,p50,pretrained_minus_random,3,0.2977,0.7522,0.2977,-0.4545,-0.4774,-0.4096,,s7:-0.476;s17:-0.410;s27:-0.477
gemma2_2b,P5_local_dependence,balanced_accuracy,p50,pretrained_minus_random,3,0.4289,0.285,0.4289,0.1439,0.0875,0.1945,,s7:+0.194;s17:+0.150;s27:+0.087
gemma2_2b,P5_local_dependence,macro_f1,p50,pretrained_minus_random,3,0.4207,0.2862,0.4207,0.1345,0.0811,0.1829,,s7:+0.183;s17:+0.140;s27:+0.081
gemma2_2b,P5b_local_dependence_reg,r2,p50,pretrained_minus_random,3,0.2559,-0.16,0.2559,0.4159,0.3133,0.5226,,s7:+0.523;s17:+0.313;s27:+0.412
gemma2_2b,P5b_local_dependence_reg,nmae,p50,pretrained_minus_random,3,0.6741,0.9083,0.6741,-0.2341,-0.2876,-0.203,,s7:-0.288;s17:-0.203;s27:-0.212
gemma2_2b,P6_noise_level,balanced_accuracy,p50,pretrained_minus_random,3,0.4995,0.4067,0.4995,0.0928,0.0791,0.1125,,s7:+0.079;s17:+0.087;s27:+0.113
gemma2_2b,P6_noise_level,macro_f1,p50,pretrained_minus_random,3,0.4977,0.4042,0.4977,0.0934,0.0817,0.1116,,s7:+0.082;s17:+0.087;s27:+0.112
gemma2_2b,P7_anomaly_present,balanced_accuracy,p50,pretrained_minus_random,3,0.6849,0.5456,0.6849,0.1393,0.1055,0.1797,,s7:+0.105;s17:+0.180;s27:+0.133
gemma2_2b,P7_anomaly_present,macro_f1,p50,pretrained_minus_random,3,0.6847,0.545,0.6847,0.1397,0.1067,0.1798,,s7:+0.107;s17:+0.180;s27:+0.133
gemma2_2b,P8_anomaly_location,balanced_accuracy,p50,pretrained_minus_random,3,0.1996,0.148,0.1996,0.0516,0.0052,0.1122,,s7:+0.037;s17:+0.112;s27:+0.005
gemma2_2b,P8_anomaly_location,macro_f1,p50,pretrained_minus_random,3,0.1947,0.1411,0.1947,0.0536,0.0153,0.1111,,s7:+0.034;s17:+0.111;s27:+0.015
gemma2_2b,P9_changepoint_present,balanced_accuracy,p50,pretrained_minus_random,3,0.9583,0.8333,0.9583,0.125,0.1055,0.1602,,s7:+0.160;s17:+0.109;s27:+0.105
gemma2_2b,P9_changepoint_present,macro_f1,p50,pretrained_minus_random,3,0.9583,0.833,0.9583,0.1253,0.1057,0.1606,,s7:+0.161;s17:+0.110;s27:+0.106
gemma2_2b,P10_changepoint_location,balanced_accuracy,L20,pretrained_minus_random,3,0.2982,0.2319,0.2982,0.0663,0.0302,0.0948,,s7:+0.095;s17:+0.030;s27:+0.074
gemma2_2b,P10_changepoint_location,macro_f1,L20,pretrained_minus_random,3,0.2898,0.2292,0.2898,0.0606,0.0296,0.0858,,s7:+0.086;s17:+0.030;s27:+0.066
gemma2_2b,P1_trend_direction,balanced_accuracy,L20,pretrained_minus_random,3,1.0,1.0,1.0,0.0,0.0,0.0,,s7:+0.000;s17:+0.000;s27:+0.000
gemma2_2b,P1_trend_direction,macro_f1,L20,pretrained_minus_random,3,1.0,1.0,1.0,0.0,0.0,0.0,,s7:+0.000;s17:+0.000;s27:+0.000
gemma2_2b,P2_trend_strength,balanced_accuracy,L20,pretrained_minus_random,3,0.3725,0.2999,0.3725,0.0725,0.0035,0.1489,,s7:+0.149;s17:+0.065;s27:+0.004
gemma2_2b,P2_trend_strength,macro_f1,L20,pretrained_minus_random,3,0.3647,0.2973,0.3647,0.0674,0.0021,0.1377,,s7:+0.138;s17:+0.062;s27:+0.002
gemma2_2b,P2b_trend_strength_reg,r2,L20,pretrained_minus_random,3,-0.3081,-0.0916,-0.3081,-0.2165,-0.4275,-0.0959,,s7:-0.126;s17:-0.427;s27:-0.096
gemma2_2b,P2b_trend_strength_reg,nmae,L20,pretrained_minus_random,3,0.9258,0.8601,0.9258,0.0657,0.027,0.1174,,s7:+0.053;s17:+0.117;s27:+0.027
gemma2_2b,P3_periodicity_present,balanced_accuracy,L20,pretrained_minus_random,3,0.9667,0.9243,0.9667,0.0424,0.0271,0.0542,,s7:+0.054;s17:+0.027;s27:+0.046
gemma2_2b,P3_periodicity_present,macro_f1,L20,pretrained_minus_random,3,0.9676,0.9163,0.9676,0.0514,0.0337,0.0659,,s7:+0.066;s17:+0.034;s27:+0.055
gemma2_2b,P4_dominant_period,balanced_accuracy,L20,pretrained_minus_random,3,0.534,0.2084,0.534,0.3257,0.2523,0.3969,,s7:+0.397;s17:+0.252;s27:+0.328
gemma2_2b,P4_dominant_period,macro_f1,L20,pretrained_minus_random,3,0.5281,0.2078,0.5281,0.3203,0.2477,0.3907,,s7:+0.391;s17:+0.248;s27:+0.323
gemma2_2b,P4b_dominant_period_reg,r2,L20,pretrained_minus_random,3,0.848,0.1044,0.848,0.7435,0.6118,0.8693,,s7:+0.750;s17:+0.612;s27:+0.869
gemma2_2b,P4b_dominant_period_reg,nmae,L20,pretrained_minus_random,3,0.3005,0.7702,0.3005,-0.4697,-0.5262,-0.3971,,s7:-0.486;s17:-0.397;s27:-0.526
gemma2_2b,P5_local_dependence,balanced_accuracy,L20,pretrained_minus_random,3,0.4009,0.2733,0.4009,0.1277,0.0723,0.211,,s7:+0.211;s17:+0.072;s27:+0.100
gemma2_2b,P5_local_dependence,macro_f1,L20,pretrained_minus_random,3,0.3945,0.2743,0.3945,0.1202,0.0664,0.2037,,s7:+0.204;s17:+0.066;s27:+0.091
gemma2_2b,P5b_local_dependence_reg,r2,L20,pretrained_minus_random,3,0.2357,-0.1819,0.2357,0.4176,0.2889,0.5042,,s7:+0.504;s17:+0.289;s27:+0.460
gemma2_2b,P5b_local_dependence_reg,nmae,L20,pretrained_minus_random,3,0.7067,0.922,0.7067,-0.2154,-0.2667,-0.1751,,s7:-0.267;s17:-0.175;s27:-0.204
gemma2_2b,P6_noise_level,balanced_accuracy,L20,pretrained_minus_random,3,0.5136,0.3791,0.5136,0.1346,0.1169,0.149,,s7:+0.138;s17:+0.117;s27:+0.149
gemma2_2b,P6_noise_level,macro_f1,L20,pretrained_minus_random,3,0.5125,0.3774,0.5125,0.1351,0.117,0.15,,s7:+0.138;s17:+0.117;s27:+0.150
gemma2_2b,P7_anomaly_present,balanced_accuracy,L20,pretrained_minus_random,3,0.7083,0.526,0.7083,0.1823,0.1289,0.2188,,s7:+0.129;s17:+0.219;s27:+0.199
gemma2_2b,P7_anomaly_present,macro_f1,L20,pretrained_minus_random,3,0.7067,0.5257,0.7067,0.181,0.1273,0.2164,,s7:+0.127;s17:+0.216;s27:+0.199
gemma2_2b,P8_anomaly_location,balanced_accuracy,L20,pretrained_minus_random,3,0.2282,0.1587,0.2282,0.0695,-0.0274,0.1376,,s7:+0.098;s17:+0.138;s27:-0.027
gemma2_2b,P8_anomaly_location,macro_f1,L20,pretrained_minus_random,3,0.2227,0.1522,0.2227,0.0705,-0.0213,0.135,,s7:+0.098;s17:+0.135;s27:-0.021
gemma2_2b,P9_changepoint_present,balanced_accuracy,L20,pretrained_minus_random,3,0.9727,0.8138,0.9727,0.1589,0.1172,0.1836,,s7:+0.184;s17:+0.176;s27:+0.117
gemma2_2b,P9_changepoint_present,macro_f1,L20,pretrained_minus_random,3,0.9726,0.8133,0.9726,0.1593,0.1173,0.1849,,s7:+0.185;s17:+0.176;s27:+0.117
gemma2_2b,P10_changepoint_location,balanced_accuracy,final,pretrained_minus_random,3,0.3267,0.2343,0.3267,0.0924,0.0716,0.1038,,s7:+0.104;s17:+0.102;s27:+0.072
gemma2_2b,P10_changepoint_location,macro_f1,final,pretrained_minus_random,3,0.3175,0.2322,0.3175,0.0853,0.0726,0.1044,,s7:+0.079;s17:+0.104;s27:+0.073
gemma2_2b,P1_trend_direction,balanced_accuracy,final,pretrained_minus_random,3,1.0,1.0,1.0,0.0,0.0,0.0,,s7:+0.000;s17:+0.000;s27:+0.000
gemma2_2b,P1_trend_direction,macro_f1,final,pretrained_minus_random,3,1.0,1.0,1.0,0.0,0.0,0.0,,s7:+0.000;s17:+0.000;s27:+0.000
gemma2_2b,P2_trend_strength,balanced_accuracy,final,pretrained_minus_random,3,0.3626,0.3042,0.3626,0.0584,0.0011,0.1518,,s7:+0.152;s17:+0.001;s27:+0.022
gemma2_2b,P2_trend_strength,macro_f1,final,pretrained_minus_random,3,0.3536,0.3016,0.3536,0.052,0.0003,0.1352,,s7:+0.135;s17:+0.000;s27:+0.020
gemma2_2b,P2b_trend_strength_reg,r2,final,pretrained_minus_random,3,-0.2698,-0.0561,-0.2698,-0.2138,-0.3291,-0.0442,,s7:-0.329;s17:-0.268;s27:-0.044
gemma2_2b,P2b_trend_strength_reg,nmae,final,pretrained_minus_random,3,0.8998,0.8515,0.8998,0.0483,-0.0068,0.1029,,s7:+0.103;s17:+0.049;s27:-0.007
gemma2_2b,P3_periodicity_present,balanced_accuracy,final,pretrained_minus_random,3,0.9674,0.9229,0.9674,0.0444,0.0271,0.0542,,s7:+0.052;s17:+0.027;s27:+0.054
gemma2_2b,P3_periodicity_present,macro_f1,final,pretrained_minus_random,3,0.9687,0.9152,0.9687,0.0534,0.0337,0.0654,,s7:+0.065;s17:+0.034;s27:+0.061
gemma2_2b,P4_dominant_period,balanced_accuracy,final,pretrained_minus_random,3,0.4998,0.2374,0.4998,0.2624,0.2248,0.3302,,s7:+0.330;s17:+0.225;s27:+0.232
gemma2_2b,P4_dominant_period,macro_f1,final,pretrained_minus_random,3,0.4885,0.2371,0.4885,0.2514,0.2131,0.3212,,s7:+0.321;s17:+0.220;s27:+0.213
gemma2_2b,P4b_dominant_period_reg,r2,final,pretrained_minus_random,3,0.8245,0.0876,0.8245,0.7369,0.6294,0.8872,,s7:+0.694;s17:+0.629;s27:+0.887
gemma2_2b,P4b_dominant_period_reg,nmae,final,pretrained_minus_random,3,0.3336,0.7732,0.3336,-0.4396,-0.4949,-0.4026,,s7:-0.421;s17:-0.403;s27:-0.495
gemma2_2b,P5_local_dependence,balanced_accuracy,final,pretrained_minus_random,3,0.4186,0.2585,0.4186,0.1601,0.0692,0.2437,,s7:+0.244;s17:+0.167;s27:+0.069
gemma2_2b,P5_local_dependence,macro_f1,final,pretrained_minus_random,3,0.4141,0.2582,0.4141,0.1559,0.0648,0.2341,,s7:+0.234;s17:+0.169;s27:+0.065
gemma2_2b,P5b_local_dependence_reg,r2,final,pretrained_minus_random,3,0.2404,-0.1727,0.2404,0.4131,0.3134,0.5158,,s7:+0.516;s17:+0.313;s27:+0.410
gemma2_2b,P5b_local_dependence_reg,nmae,final,pretrained_minus_random,3,0.702,0.9168,0.702,-0.2148,-0.2834,-0.1732,,s7:-0.283;s17:-0.173;s27:-0.188
gemma2_2b,P6_noise_level,balanced_accuracy,final,pretrained_minus_random,3,0.5161,0.3873,0.5161,0.1288,0.1072,0.1491,,s7:+0.130;s17:+0.107;s27:+0.149
gemma2_2b,P6_noise_level,macro_f1,final,pretrained_minus_random,3,0.5151,0.3842,0.5151,0.1309,0.1114,0.1514,,s7:+0.130;s17:+0.111;s27:+0.151
gemma2_2b,P7_anomaly_present,balanced_accuracy,final,pretrained_minus_random,3,0.6875,0.5326,0.6875,0.1549,0.0781,0.2148,,s7:+0.078;s17:+0.215;s27:+0.172
gemma2_2b,P7_anomaly_present,macro_f1,final,pretrained_minus_random,3,0.686,0.5324,0.686,0.1536,0.0767,0.2129,,s7:+0.077;s17:+0.213;s27:+0.171
gemma2_2b,P8_anomaly_location,balanced_accuracy,final,pretrained_minus_random,3,0.1809,0.146,0.1809,0.0349,-0.001,0.0575,,s7:+0.048;s17:+0.057;s27:-0.001
gemma2_2b,P8_anomaly_location,macro_f1,final,pretrained_minus_random,3,0.1772,0.1439,0.1772,0.0333,0.0021,0.0538,,s7:+0.044;s17:+0.054;s27:+0.002
gemma2_2b,P9_changepoint_present,balanced_accuracy,final,pretrained_minus_random,3,0.9622,0.7956,0.9622,0.1667,0.1211,0.2031,,s7:+0.176;s17:+0.203;s27:+0.121
gemma2_2b,P9_changepoint_present,macro_f1,final,pretrained_minus_random,3,0.9622,0.7952,0.9622,0.167,0.1211,0.2031,,s7:+0.177;s17:+0.203;s27:+0.121
gemma2_9b,P10_changepoint_location,balanced_accuracy,n/a,handcrafted,6,,,0.1859,,,,,
gemma2_9b,P10_changepoint_location,macro_f1,n/a,handcrafted,6,,,0.1824,,,,,
gemma2_9b,P1_trend_direction,balanced_accuracy,n/a,handcrafted,6,,,0.4849,,,,,
gemma2_9b,P1_trend_direction,macro_f1,n/a,handcrafted,6,,,0.4841,,,,,
gemma2_9b,P2_trend_strength,balanced_accuracy,n/a,handcrafted,6,,,0.4258,,,,,
gemma2_9b,P2_trend_strength,macro_f1,n/a,handcrafted,6,,,0.4253,,,,,
gemma2_9b,P2b_trend_strength_reg,r2,n/a,handcrafted,6,,,0.319,,,,,
gemma2_9b,P2b_trend_strength_reg,nmae,n/a,handcrafted,6,,,0.6699,,,,,
gemma2_9b,P3_periodicity_present,balanced_accuracy,n/a,handcrafted,6,,,0.9986,,,,,
gemma2_9b,P3_periodicity_present,macro_f1,n/a,handcrafted,6,,,0.999,,,,,
gemma2_9b,P4_dominant_period,balanced_accuracy,n/a,handcrafted,6,,,0.977,,,,,
gemma2_9b,P4_dominant_period,macro_f1,n/a,handcrafted,6,,,0.9772,,,,,
gemma2_9b,P4b_dominant_period_reg,r2,n/a,handcrafted,6,,,0.9213,,,,,
gemma2_9b,P4b_dominant_period_reg,nmae,n/a,handcrafted,6,,,0.2233,,,,,
gemma2_9b,P5_local_dependence,balanced_accuracy,n/a,handcrafted,6,,,0.5555,,,,,
gemma2_9b,P5_local_dependence,macro_f1,n/a,handcrafted,6,,,0.5362,,,,,
gemma2_9b,P5b_local_dependence_reg,r2,n/a,handcrafted,6,,,0.6624,,,,,
gemma2_9b,P5b_local_dependence_reg,nmae,n/a,handcrafted,6,,,0.4572,,,,,
gemma2_9b,P6_noise_level,balanced_accuracy,n/a,handcrafted,6,,,0.5013,,,,,
gemma2_9b,P6_noise_level,macro_f1,n/a,handcrafted,6,,,0.4413,,,,,
gemma2_9b,P7_anomaly_present,balanced_accuracy,n/a,handcrafted,6,,,0.7292,,,,,
gemma2_9b,P7_anomaly_present,macro_f1,n/a,handcrafted,6,,,0.7283,,,,,
gemma2_9b,P8_anomaly_location,balanced_accuracy,n/a,handcrafted,6,,,0.1508,,,,,
gemma2_9b,P8_anomaly_location,macro_f1,n/a,handcrafted,6,,,0.1364,,,,,
gemma2_9b,P9_changepoint_present,balanced_accuracy,n/a,handcrafted,6,,,0.8581,,,,,
gemma2_9b,P9_changepoint_present,macro_f1,n/a,handcrafted,6,,,0.858,,,,,
gemma2_9b,P10_changepoint_location,balanced_accuracy,L1,pretrained_minus_random,3,0.286,0.2761,0.286,0.0099,-0.0499,0.089,,s7:-0.050;s17:-0.009;s27:+0.089
gemma2_9b,P10_changepoint_location,macro_f1,L1,pretrained_minus_random,3,0.2834,0.2726,0.2834,0.0109,-0.0507,0.0856,,s7:-0.051;s17:-0.002;s27:+0.086
gemma2_9b,P1_trend_direction,balanced_accuracy,L1,pretrained_minus_random,3,1.0,0.9983,1.0,0.0017,0.0,0.0051,,s7:+0.005;s17:+0.000;s27:+0.000
gemma2_9b,P1_trend_direction,macro_f1,L1,pretrained_minus_random,3,1.0,0.9983,1.0,0.0017,0.0,0.005,,s7:+0.005;s17:+0.000;s27:+0.000
gemma2_9b,P2_trend_strength,balanced_accuracy,L1,pretrained_minus_random,3,0.3033,0.324,0.3033,-0.0208,-0.0871,0.0211,,s7:+0.021;s17:-0.087;s27:+0.004
gemma2_9b,P2_trend_strength,macro_f1,L1,pretrained_minus_random,3,0.2998,0.3196,0.2998,-0.0197,-0.0858,0.0165,,s7:+0.016;s17:-0.086;s27:+0.010
gemma2_9b,P2b_trend_strength_reg,r2,L1,pretrained_minus_random,3,-0.1552,-1.1869,-0.1552,1.0317,0.7047,1.5017,,s7:+1.502;s17:+0.889;s27:+0.705
gemma2_9b,P2b_trend_strength_reg,nmae,L1,pretrained_minus_random,3,0.8622,1.191,0.8622,-0.3288,-0.4359,-0.244,,s7:-0.436;s17:-0.306;s27:-0.244
gemma2_9b,P3_periodicity_present,balanced_accuracy,L1,pretrained_minus_random,3,0.9479,0.8542,0.9479,0.0938,0.0771,0.1167,,s7:+0.117;s17:+0.077;s27:+0.088
gemma2_9b,P3_periodicity_present,macro_f1,L1,pretrained_minus_random,3,0.9369,0.8397,0.9369,0.0972,0.0788,0.1231,,s7:+0.123;s17:+0.079;s27:+0.090
gemma2_9b,P4_dominant_period,balanced_accuracy,L1,pretrained_minus_random,3,0.2087,0.2281,0.2087,-0.0194,-0.0569,0.0263,,s7:+0.026;s17:-0.057;s27:-0.028
gemma2_9b,P4_dominant_period,macro_f1,L1,pretrained_minus_random,3,0.2068,0.2265,0.2068,-0.0197,-0.0561,0.0273,,s7:+0.027;s17:-0.056;s27:-0.030
gemma2_9b,P4b_dominant_period_reg,r2,L1,pretrained_minus_random,3,0.1158,-0.4188,0.1158,0.5346,0.5018,0.5575,,s7:+0.558;s17:+0.545;s27:+0.502
gemma2_9b,P4b_dominant_period_reg,nmae,L1,pretrained_minus_random,3,0.7308,0.9347,0.7308,-0.2039,-0.2272,-0.1907,,s7:-0.227;s17:-0.191;s27:-0.194
gemma2_9b,P5_local_dependence,balanced_accuracy,L1,pretrained_minus_random,3,0.2885,0.2813,0.2885,0.0072,-0.0087,0.0279,,s7:+0.028;s17:-0.009;s27:+0.003
gemma2_9b,P5_local_dependence,macro_f1,L1,pretrained_minus_random,3,0.2858,0.2794,0.2858,0.0065,-0.0144,0.0303,,s7:+0.030;s17:-0.014;s27:+0.004
gemma2_9b,P5b_local_dependence_reg,r2,L1,pretrained_minus_random,3,-0.118,-1.2155,-0.118,1.0976,0.9747,1.2577,,s7:+1.060;s17:+1.258;s27:+0.975
gemma2_9b,P5b_local_dependence_reg,nmae,L1,pretrained_minus_random,3,0.8813,1.2327,0.8813,-0.3513,-0.4106,-0.3113,,s7:-0.311;s17:-0.411;s27:-0.332
gemma2_9b,P6_noise_level,balanced_accuracy,L1,pretrained_minus_random,3,0.361,0.3783,0.361,-0.0173,-0.0359,0.0088,,s7:-0.036;s17:-0.025;s27:+0.009
gemma2_9b,P6_noise_level,macro_f1,L1,pretrained_minus_random,3,0.3376,0.3676,0.3376,-0.03,-0.055,-0.0019,,s7:-0.033;s17:-0.055;s27:-0.002
gemma2_9b,P7_anomaly_present,balanced_accuracy,L1,pretrained_minus_random,3,0.5885,0.5378,0.5885,0.0508,0.0234,0.0859,,s7:+0.086;s17:+0.023;s27:+0.043
gemma2_9b,P7_anomaly_present,macro_f1,L1,pretrained_minus_random,3,0.5871,0.5377,0.5871,0.0494,0.0231,0.0821,,s7:+0.082;s17:+0.023;s27:+0.043
gemma2_9b,P8_anomaly_location,balanced_accuracy,L1,pretrained_minus_random,3,0.1649,0.1852,0.1649,-0.0204,-0.0613,0.0578,,s7:-0.061;s17:+0.058;s27:-0.058
gemma2_9b,P8_anomaly_location,macro_f1,L1,pretrained_minus_random,3,0.1571,0.183,0.1571,-0.0259,-0.0656,0.0416,,s7:-0.066;s17:+0.042;s27:-0.054
gemma2_9b,P9_changepoint_present,balanced_accuracy,L1,pretrained_minus_random,3,0.9232,0.7721,0.9232,0.151,0.1172,0.1875,,s7:+0.117;s17:+0.148;s27:+0.188
gemma2_9b,P9_changepoint_present,macro_f1,L1,pretrained_minus_random,3,0.9229,0.7717,0.9229,0.1511,0.1174,0.1877,,s7:+0.117;s17:+0.148;s27:+0.188
gemma2_9b,P10_changepoint_location,balanced_accuracy,L10,pretrained_minus_random,3,0.3215,0.2237,0.3215,0.0979,0.0205,0.1968,,s7:+0.076;s17:+0.021;s27:+0.197
gemma2_9b,P10_changepoint_location,macro_f1,L10,pretrained_minus_random,3,0.3045,0.2165,0.3045,0.0881,0.0118,0.1969,,s7:+0.056;s17:+0.012;s27:+0.197
gemma2_9b,P1_trend_direction,balanced_accuracy,L10,pretrained_minus_random,3,1.0,0.9983,1.0,0.0017,0.0,0.0051,,s7:+0.005;s17:+0.000;s27:+0.000
gemma2_9b,P1_trend_direction,macro_f1,L10,pretrained_minus_random,3,1.0,0.9983,1.0,0.0017,0.0,0.005,,s7:+0.005;s17:+0.000;s27:+0.000
gemma2_9b,P2_trend_strength,balanced_accuracy,L10,pretrained_minus_random,3,0.3622,0.3184,0.3622,0.0438,0.0258,0.0597,,s7:+0.026;s17:+0.060;s27:+0.046
gemma2_9b,P2_trend_strength,macro_f1,L10,pretrained_minus_random,3,0.3605,0.3128,0.3605,0.0477,0.0258,0.0614,,s7:+0.026;s17:+0.056;s27:+0.061
gemma2_9b,P2b_trend_strength_reg,r2,L10,pretrained_minus_random,3,-0.3304,-0.006,-0.3304,-0.3244,-0.4503,-0.0993,,s7:-0.424;s17:-0.450;s27:-0.099
gemma2_9b,P2b_trend_strength_reg,nmae,L10,pretrained_minus_random,3,0.9256,0.83,0.9256,0.0956,0.0333,0.1366,,s7:+0.117;s17:+0.137;s27:+0.033
gemma2_9b,P3_periodicity_present,balanced_accuracy,L10,pretrained_minus_random,3,0.9729,0.9146,0.9729,0.0583,0.0521,0.0625,,s7:+0.060;s17:+0.062;s27:+0.052
gemma2_9b,P3_periodicity_present,macro_f1,L10,pretrained_minus_random,3,0.9748,0.9035,0.9748,0.0714,0.061,0.0809,,s7:+0.072;s17:+0.081;s27:+0.061
gemma2_9b,P4_dominant_period,balanced_accuracy,L10,pretrained_minus_random,3,0.4459,0.2505,0.4459,0.1954,0.1573,0.223,,s7:+0.223;s17:+0.206;s27:+0.157
gemma2_9b,P4_dominant_period,macro_f1,L10,pretrained_minus_random,3,0.437,0.2487,0.437,0.1883,0.1426,0.2172,,s7:+0.217;s17:+0.205;s27:+0.143
gemma2_9b,P4b_dominant_period_reg,r2,L10,pretrained_minus_random,3,0.8825,0.0191,0.8825,0.8634,0.8122,0.9454,,s7:+0.833;s17:+0.945;s27:+0.812
gemma2_9b,P4b_dominant_period_reg,nmae,L10,pretrained_minus_random,3,0.265,0.7982,0.265,-0.5332,-0.5621,-0.4879,,s7:-0.550;s17:-0.562;s27:-0.488
gemma2_9b,P5_local_dependence,balanced_accuracy,L10,pretrained_minus_random,3,0.4302,0.2607,0.4302,0.1695,0.1439,0.1931,,s7:+0.193;s17:+0.144;s27:+0.172
gemma2_9b,P5_local_dependence,macro_f1,L10,pretrained_minus_random,3,0.4151,0.26,0.4151,0.1551,0.134,0.1676,,s7:+0.164;s17:+0.134;s27:+0.168
gemma2_9b,P5b_local_dependence_reg,r2,L10,pretrained_minus_random,3,0.173,-0.1079,0.173,0.2809,0.1255,0.3823,,s7:+0.126;s17:+0.335;s27:+0.382
gemma2_9b,P5b_local_dependence_reg,nmae,L10,pretrained_minus_random,3,0.7363,0.8968,0.7363,-0.1605,-0.2208,-0.0596,,s7:-0.060;s17:-0.201;s27:-0.221
gemma2_9b,P6_noise_level,balanced_accuracy,L10,pretrained_minus_random,3,0.4554,0.3985,0.4554,0.0569,0.0147,0.0802,,s7:+0.080;s17:+0.076;s27:+0.015
gemma2_9b,P6_noise_level,macro_f1,L10,pretrained_minus_random,3,0.4432,0.3938,0.4432,0.0494,0.0072,0.0748,,s7:+0.066;s17:+0.075;s27:+0.007
gemma2_9b,P7_anomaly_present,balanced_accuracy,L10,pretrained_minus_random,3,0.6719,0.5534,0.6719,0.1185,0.0742,0.1641,,s7:+0.164;s17:+0.117;s27:+0.074
gemma2_9b,P7_anomaly_present,macro_f1,L10,pretrained_minus_random,3,0.6694,0.5528,0.6694,0.1166,0.0753,0.1622,,s7:+0.162;s17:+0.112;s27:+0.075
gemma2_9b,P8_anomaly_location,balanced_accuracy,L10,pretrained_minus_random,3,0.176,0.1504,0.176,0.0256,-0.0217,0.054,,s7:-0.022;s17:+0.044;s27:+0.054
gemma2_9b,P8_anomaly_location,macro_f1,L10,pretrained_minus_random,3,0.1778,0.1459,0.1778,0.0319,-0.0042,0.0593,,s7:-0.004;s17:+0.040;s27:+0.059
gemma2_9b,P9_changepoint_present,balanced_accuracy,L10,pretrained_minus_random,3,0.957,0.7461,0.957,0.2109,0.1641,0.2344,,s7:+0.234;s17:+0.164;s27:+0.234
gemma2_9b,P9_changepoint_present,macro_f1,L10,pretrained_minus_random,3,0.957,0.745,0.957,0.212,0.164,0.2375,,s7:+0.238;s17:+0.164;s27:+0.234
gemma2_9b,P10_changepoint_location,balanced_accuracy,p50,pretrained_minus_random,3,0.2804,0.1945,0.2804,0.0859,0.029,0.1392,,s7:+0.029;s17:+0.139;s27:+0.089
gemma2_9b,P10_changepoint_location,macro_f1,p50,pretrained_minus_random,3,0.2745,0.1911,0.2745,0.0834,0.0334,0.1363,,s7:+0.033;s17:+0.136;s27:+0.081
gemma2_9b,P1_trend_direction,balanced_accuracy,p50,pretrained_minus_random,3,1.0,1.0,1.0,0.0,0.0,0.0,,s7:+0.000;s17:+0.000;s27:+0.000
gemma2_9b,P1_trend_direction,macro_f1,p50,pretrained_minus_random,3,1.0,1.0,1.0,0.0,0.0,0.0,,s7:+0.000;s17:+0.000;s27:+0.000
gemma2_9b,P2_trend_strength,balanced_accuracy,p50,pretrained_minus_random,3,0.3998,0.2995,0.3998,0.1003,0.0422,0.1466,,s7:+0.147;s17:+0.042;s27:+0.112
gemma2_9b,P2_trend_strength,macro_f1,p50,pretrained_minus_random,3,0.3939,0.294,0.3939,0.0999,0.0424,0.1478,,s7:+0.148;s17:+0.042;s27:+0.110
gemma2_9b,P2b_trend_strength_reg,r2,p50,pretrained_minus_random,3,-0.3385,0.0122,-0.3385,-0.3507,-0.6961,-0.0277,,s7:-0.328;s17:-0.696;s27:-0.028
gemma2_9b,P2b_trend_strength_reg,nmae,p50,pretrained_minus_random,3,0.9161,0.8362,0.9161,0.0799,-0.044,0.1895,,s7:+0.094;s17:+0.190;s27:-0.044
gemma2_9b,P3_periodicity_present,balanced_accuracy,p50,pretrained_minus_random,3,0.975,0.9035,0.975,0.0715,0.0542,0.0875,,s7:+0.088;s17:+0.073;s27:+0.054
gemma2_9b,P3_periodicity_present,macro_f1,p50,pretrained_minus_random,3,0.975,0.8875,0.975,0.0875,0.0659,0.1043,,s7:+0.104;s17:+0.092;s27:+0.066
gemma2_9b,P4_dominant_period,balanced_accuracy,p50,pretrained_minus_random,3,0.7012,0.2077,0.7012,0.4934,0.4838,0.5106,,s7:+0.484;s17:+0.486;s27:+0.511
gemma2_9b,P4_dominant_period,macro_f1,p50,pretrained_minus_random,3,0.6982,0.2078,0.6982,0.4904,0.4781,0.5118,,s7:+0.478;s17:+0.481;s27:+0.512
gemma2_9b,P4b_dominant_period_reg,r2,p50,pretrained_minus_random,3,0.9122,-0.0538,0.9122,0.966,0.9147,0.9974,,s7:+0.997;s17:+0.986;s27:+0.915
gemma2_9b,P4b_dominant_period_reg,nmae,p50,pretrained_minus_random,3,0.2291,0.8367,0.2291,-0.6076,-0.6437,-0.5597,,s7:-0.644;s17:-0.619;s27:-0.560
gemma2_9b,P5_local_dependence,balanced_accuracy,p50,pretrained_minus_random,3,0.4447,0.2694,0.4447,0.1753,0.1394,0.2317,,s7:+0.232;s17:+0.139;s27:+0.155
gemma2_9b,P5_local_dependence,macro_f1,p50,pretrained_minus_random,3,0.4357,0.2684,0.4357,0.1674,0.1407,0.2179,,s7:+0.218;s17:+0.141;s27:+0.143
gemma2_9b,P5b_local_dependence_reg,r2,p50,pretrained_minus_random,3,0.3416,-0.1234,0.3416,0.465,0.4437,0.4834,,s7:+0.483;s17:+0.444;s27:+0.468
gemma2_9b,P5b_local_dependence_reg,nmae,p50,pretrained_minus_random,3,0.6503,0.9157,0.6503,-0.2653,-0.281,-0.2508,,s7:-0.281;s17:-0.251;s27:-0.264
gemma2_9b,P6_noise_level,balanced_accuracy,p50,pretrained_minus_random,3,0.5243,0.3874,0.5243,0.1369,0.1016,0.1577,,s7:+0.151;s17:+0.158;s27:+0.102
gemma2_9b,P6_noise_level,macro_f1,p50,pretrained_minus_random,3,0.5202,0.3832,0.5202,0.137,0.1049,0.1582,,s7:+0.148;s17:+0.158;s27:+0.105
gemma2_9b,P7_anomaly_present,balanced_accuracy,p50,pretrained_minus_random,3,0.7044,0.5586,0.7044,0.1458,0.125,0.1602,,s7:+0.152;s17:+0.125;s27:+0.160
gemma2_9b,P7_anomaly_present,macro_f1,p50,pretrained_minus_random,3,0.7031,0.5579,0.7031,0.1452,0.1241,0.1603,,s7:+0.151;s17:+0.124;s27:+0.160
gemma2_9b,P8_anomaly_location,balanced_accuracy,p50,pretrained_minus_random,3,0.2226,0.1534,0.2226,0.0693,0.0468,0.1081,,s7:+0.047;s17:+0.108;s27:+0.053
gemma2_9b,P8_anomaly_location,macro_f1,p50,pretrained_minus_random,3,0.2158,0.1468,0.2158,0.069,0.0464,0.1054,,s7:+0.046;s17:+0.105;s27:+0.055
gemma2_9b,P9_changepoint_present,balanced_accuracy,p50,pretrained_minus_random,3,0.9518,0.7253,0.9518,0.2266,0.1992,0.2578,,s7:+0.258;s17:+0.199;s27:+0.223
gemma2_9b,P9_changepoint_present,macro_f1,p50,pretrained_minus_random,3,0.9518,0.7245,0.9518,0.2273,0.1993,0.2598,,s7:+0.260;s17:+0.199;s27:+0.223
gemma2_9b,P10_changepoint_location,balanced_accuracy,L32,pretrained_minus_random,3,0.2578,0.185,0.2578,0.0729,0.0626,0.0889,,s7:+0.063;s17:+0.089;s27:+0.067
gemma2_9b,P10_changepoint_location,macro_f1,L32,pretrained_minus_random,3,0.2549,0.1826,0.2549,0.0723,0.0613,0.0922,,s7:+0.063;s17:+0.092;s27:+0.061
gemma2_9b,P1_trend_direction,balanced_accuracy,L32,pretrained_minus_random,3,1.0,1.0,1.0,0.0,0.0,0.0,,s7:+0.000;s17:+0.000;s27:+0.000
gemma2_9b,P1_trend_direction,macro_f1,L32,pretrained_minus_random,3,1.0,1.0,1.0,0.0,0.0,0.0,,s7:+0.000;s17:+0.000;s27:+0.000
gemma2_9b,P2_trend_strength,balanced_accuracy,L32,pretrained_minus_random,3,0.3697,0.3204,0.3697,0.0493,0.0322,0.0742,,s7:+0.074;s17:+0.042;s27:+0.032
gemma2_9b,P2_trend_strength,macro_f1,L32,pretrained_minus_random,3,0.362,0.3129,0.362,0.0491,0.0237,0.0718,,s7:+0.072;s17:+0.052;s27:+0.024
gemma2_9b,P2b_trend_strength_reg,r2,L32,pretrained_minus_random,3,-0.3321,-0.0068,-0.3321,-0.3254,-0.8181,0.1238,,s7:-0.282;s17:-0.818;s27:+0.124
gemma2_9b,P2b_trend_strength_reg,nmae,L32,pretrained_minus_random,3,0.9079,0.8515,0.9079,0.0565,-0.089,0.2022,,s7:+0.056;s17:+0.202;s27:-0.089
gemma2_9b,P3_periodicity_present,balanced_accuracy,L32,pretrained_minus_random,3,0.9597,0.9,0.9597,0.0597,0.0375,0.0854,,s7:+0.056;s17:+0.085;s27:+0.037
gemma2_9b,P3_periodicity_present,macro_f1,L32,pretrained_minus_random,3,0.9575,0.8821,0.9575,0.0754,0.0421,0.1085,,s7:+0.076;s17:+0.109;s27:+0.042
gemma2_9b,P4_dominant_period,balanced_accuracy,L32,pretrained_minus_random,3,0.647,0.1986,0.647,0.4484,0.4325,0.463,,s7:+0.463;s17:+0.433;s27:+0.450
gemma2_9b,P4_dominant_period,macro_f1,L32,pretrained_minus_random,3,0.6443,0.197,0.6443,0.4473,0.4301,0.4597,,s7:+0.460;s17:+0.430;s27:+0.452
gemma2_9b,P4b_dominant_period_reg,r2,L32,pretrained_minus_random,3,0.8839,-0.0172,0.8839,0.9011,0.89,0.9091,,s7:+0.890;s17:+0.904;s27:+0.909
gemma2_9b,P4b_dominant_period_reg,nmae,L32,pretrained_minus_random,3,0.2694,0.8232,0.2694,-0.5538,-0.5788,-0.535,,s7:-0.579;s17:-0.548;s27:-0.535
gemma2_9b,P5_local_dependence,balanced_accuracy,L32,pretrained_minus_random,3,0.4564,0.2704,0.4564,0.186,0.153,0.2267,,s7:+0.227;s17:+0.153;s27:+0.178
gemma2_9b,P5_local_dependence,macro_f1,L32,pretrained_minus_random,3,0.4418,0.2694,0.4418,0.1724,0.1341,0.2193,,s7:+0.219;s17:+0.134;s27:+0.164
gemma2_9b,P5b_local_dependence_reg,r2,L32,pretrained_minus_random,3,0.239,-0.1541,0.239,0.3931,0.3336,0.4859,,s7:+0.360;s17:+0.486;s27:+0.334
gemma2_9b,P5b_local_dependence_reg,nmae,L32,pretrained_minus_random,3,0.6988,0.9388,0.6988,-0.2401,-0.272,-0.2195,,s7:-0.220;s17:-0.272;s27:-0.229
gemma2_9b,P6_noise_level,balanced_accuracy,L32,pretrained_minus_random,3,0.5149,0.3867,0.5149,0.1282,0.1079,0.1512,,s7:+0.151;s17:+0.125;s27:+0.108
gemma2_9b,P6_noise_level,macro_f1,L32,pretrained_minus_random,3,0.5123,0.382,0.5123,0.1303,0.1133,0.1519,,s7:+0.152;s17:+0.126;s27:+0.113
gemma2_9b,P7_anomaly_present,balanced_accuracy,L32,pretrained_minus_random,3,0.6979,0.5469,0.6979,0.151,0.125,0.168,,s7:+0.125;s17:+0.168;s27:+0.160
gemma2_9b,P7_anomaly_present,macro_f1,L32,pretrained_minus_random,3,0.6963,0.5463,0.6963,0.1501,0.1226,0.1677,,s7:+0.123;s17:+0.168;s27:+0.160
gemma2_9b,P8_anomaly_location,balanced_accuracy,L32,pretrained_minus_random,3,0.1947,0.1544,0.1947,0.0403,-0.0244,0.1039,,s7:-0.024;s17:+0.104;s27:+0.041
gemma2_9b,P8_anomaly_location,macro_f1,L32,pretrained_minus_random,3,0.1911,0.1501,0.1911,0.041,-0.0275,0.1044,,s7:-0.027;s17:+0.104;s27:+0.046
gemma2_9b,P9_changepoint_present,balanced_accuracy,L32,pretrained_minus_random,3,0.9635,0.72,0.9635,0.2435,0.1836,0.2734,,s7:+0.273;s17:+0.184;s27:+0.273
gemma2_9b,P9_changepoint_present,macro_f1,L32,pretrained_minus_random,3,0.9635,0.7188,0.9635,0.2447,0.1836,0.2753,,s7:+0.275;s17:+0.184;s27:+0.275
gemma2_9b,P10_changepoint_location,balanced_accuracy,final,pretrained_minus_random,3,0.2533,0.1906,0.2533,0.0627,-0.0117,0.1196,,s7:-0.012;s17:+0.080;s27:+0.120
gemma2_9b,P10_changepoint_location,macro_f1,final,pretrained_minus_random,3,0.2501,0.1866,0.2501,0.0635,-0.0081,0.1209,,s7:-0.008;s17:+0.078;s27:+0.121
gemma2_9b,P1_trend_direction,balanced_accuracy,final,pretrained_minus_random,3,1.0,1.0,1.0,0.0,0.0,0.0,,s7:+0.000;s17:+0.000;s27:+0.000
gemma2_9b,P1_trend_direction,macro_f1,final,pretrained_minus_random,3,1.0,1.0,1.0,0.0,0.0,0.0,,s7:+0.000;s17:+0.000;s27:+0.000
gemma2_9b,P2_trend_strength,balanced_accuracy,final,pretrained_minus_random,3,0.3655,0.309,0.3655,0.0565,0.0355,0.0834,,s7:+0.035;s17:+0.051;s27:+0.083
gemma2_9b,P2_trend_strength,macro_f1,final,pretrained_minus_random,3,0.3598,0.304,0.3598,0.0558,0.0411,0.0742,,s7:+0.041;s17:+0.052;s27:+0.074
gemma2_9b,P2b_trend_strength_reg,r2,final,pretrained_minus_random,3,-0.2252,0.0178,-0.2252,-0.243,-0.4798,-0.12,,s7:-0.120;s17:-0.480;s27:-0.129
gemma2_9b,P2b_trend_strength_reg,nmae,final,pretrained_minus_random,3,0.8789,0.8437,0.8789,0.0352,-0.0128,0.1208,,s7:-0.002;s17:+0.121;s27:-0.013
gemma2_9b,P3_periodicity_present,balanced_accuracy,final,pretrained_minus_random,3,0.9681,0.8785,0.9681,0.0896,0.0812,0.1042,,s7:+0.104;s17:+0.083;s27:+0.081
gemma2_9b,P3_periodicity_present,macro_f1,final,pretrained_minus_random,3,0.9677,0.8581,0.9677,0.1096,0.09,0.1305,,s7:+0.130;s17:+0.108;s27:+0.090
gemma2_9b,P4_dominant_period,balanced_accuracy,final,pretrained_minus_random,3,0.6016,0.186,0.6016,0.4156,0.3983,0.4357,,s7:+0.436;s17:+0.398;s27:+0.413
gemma2_9b,P4_dominant_period,macro_f1,final,pretrained_minus_random,3,0.5973,0.1857,0.5973,0.4116,0.3966,0.4273,,s7:+0.427;s17:+0.397;s27:+0.411
gemma2_9b,P4b_dominant_period_reg,r2,final,pretrained_minus_random,3,0.8775,-0.0142,0.8775,0.8916,0.8873,0.8947,,s7:+0.895;s17:+0.893;s27:+0.887
gemma2_9b,P4b_dominant_period_reg,nmae,final,pretrained_minus_random,3,0.271,0.8245,0.271,-0.5535,-0.5709,-0.5314,,s7:-0.558;s17:-0.571;s27:-0.531
gemma2_9b,P5_local_dependence,balanced_accuracy,final,pretrained_minus_random,3,0.4129,0.2652,0.4129,0.1477,0.118,0.1844,,s7:+0.184;s17:+0.141;s27:+0.118
gemma2_9b,P5_local_dependence,macro_f1,final,pretrained_minus_random,3,0.4027,0.2654,0.4027,0.1372,0.1093,0.1742,,s7:+0.174;s17:+0.128;s27:+0.109
gemma2_9b,P5b_local_dependence_reg,r2,final,pretrained_minus_random,3,0.3218,-0.1119,0.3218,0.4337,0.3947,0.465,,s7:+0.441;s17:+0.465;s27:+0.395
gemma2_9b,P5b_local_dependence_reg,nmae,final,pretrained_minus_random,3,0.6566,0.9215,0.6566,-0.2649,-0.284,-0.2366,,s7:-0.284;s17:-0.274;s27:-0.237
gemma2_9b,P6_noise_level,balanced_accuracy,final,pretrained_minus_random,3,0.5318,0.3793,0.5318,0.1524,0.1335,0.1619,,s7:+0.162;s17:+0.162;s27:+0.134
gemma2_9b,P6_noise_level,macro_f1,final,pretrained_minus_random,3,0.5282,0.377,0.5282,0.1512,0.1348,0.1604,,s7:+0.160;s17:+0.158;s27:+0.135
gemma2_9b,P7_anomaly_present,balanced_accuracy,final,pretrained_minus_random,3,0.7161,0.5521,0.7161,0.1641,0.1367,0.207,,s7:+0.137;s17:+0.148;s27:+0.207
gemma2_9b,P7_anomaly_present,macro_f1,final,pretrained_minus_random,3,0.7141,0.5514,0.7141,0.1627,0.1367,0.2057,,s7:+0.137;s17:+0.146;s27:+0.206
gemma2_9b,P8_anomaly_location,balanced_accuracy,final,pretrained_minus_random,3,0.1908,0.1479,0.1908,0.0429,-0.0083,0.1089,,s7:-0.008;s17:+0.109;s27:+0.028
gemma2_9b,P8_anomaly_location,macro_f1,final,pretrained_minus_random,3,0.1903,0.1421,0.1903,0.0482,-0.0087,0.1097,,s7:-0.009;s17:+0.110;s27:+0.044
gemma2_9b,P9_changepoint_present,balanced_accuracy,final,pretrained_minus_random,3,0.9609,0.6927,0.9609,0.2682,0.2227,0.3008,,s7:+0.281;s17:+0.223;s27:+0.301
gemma2_9b,P9_changepoint_present,macro_f1,final,pretrained_minus_random,3,0.9609,0.6925,0.9609,0.2685,0.223,0.3009,,s7:+0.281;s17:+0.223;s27:+0.301
llama31_8b,P10_changepoint_location,balanced_accuracy,n/a,handcrafted,6,,,0.1859,,,,,
llama31_8b,P10_changepoint_location,macro_f1,n/a,handcrafted,6,,,0.1824,,,,,
llama31_8b,P1_trend_direction,balanced_accuracy,n/a,handcrafted,6,,,0.4849,,,,,
llama31_8b,P1_trend_direction,macro_f1,n/a,handcrafted,6,,,0.4841,,,,,
llama31_8b,P2_trend_strength,balanced_accuracy,n/a,handcrafted,6,,,0.4258,,,,,
llama31_8b,P2_trend_strength,macro_f1,n/a,handcrafted,6,,,0.4253,,,,,
llama31_8b,P2b_trend_strength_reg,r2,n/a,handcrafted,6,,,0.319,,,,,
llama31_8b,P2b_trend_strength_reg,nmae,n/a,handcrafted,6,,,0.6699,,,,,
llama31_8b,P3_periodicity_present,balanced_accuracy,n/a,handcrafted,6,,,0.9986,,,,,
llama31_8b,P3_periodicity_present,macro_f1,n/a,handcrafted,6,,,0.999,,,,,
llama31_8b,P4_dominant_period,balanced_accuracy,n/a,handcrafted,6,,,0.977,,,,,
llama31_8b,P4_dominant_period,macro_f1,n/a,handcrafted,6,,,0.9772,,,,,
llama31_8b,P4b_dominant_period_reg,r2,n/a,handcrafted,6,,,0.9213,,,,,
llama31_8b,P4b_dominant_period_reg,nmae,n/a,handcrafted,6,,,0.2233,,,,,
llama31_8b,P5_local_dependence,balanced_accuracy,n/a,handcrafted,6,,,0.5555,,,,,
llama31_8b,P5_local_dependence,macro_f1,n/a,handcrafted,6,,,0.5362,,,,,
llama31_8b,P5b_local_dependence_reg,r2,n/a,handcrafted,6,,,0.6624,,,,,
llama31_8b,P5b_local_dependence_reg,nmae,n/a,handcrafted,6,,,0.4572,,,,,
llama31_8b,P6_noise_level,balanced_accuracy,n/a,handcrafted,6,,,0.5013,,,,,
llama31_8b,P6_noise_level,macro_f1,n/a,handcrafted,6,,,0.4413,,,,,
llama31_8b,P7_anomaly_present,balanced_accuracy,n/a,handcrafted,6,,,0.7292,,,,,
llama31_8b,P7_anomaly_present,macro_f1,n/a,handcrafted,6,,,0.7283,,,,,
llama31_8b,P8_anomaly_location,balanced_accuracy,n/a,handcrafted,6,,,0.1508,,,,,
llama31_8b,P8_anomaly_location,macro_f1,n/a,handcrafted,6,,,0.1364,,,,,
llama31_8b,P9_changepoint_present,balanced_accuracy,n/a,handcrafted,6,,,0.8581,,,,,
llama31_8b,P9_changepoint_present,macro_f1,n/a,handcrafted,6,,,0.858,,,,,
llama31_8b,P10_changepoint_location,balanced_accuracy,L1,pretrained_minus_random,3,0.271,0.3708,0.271,-0.0998,-0.1626,-0.0558,,s7:-0.163;s17:-0.081;s27:-0.056
llama31_8b,P10_changepoint_location,macro_f1,L1,pretrained_minus_random,3,0.2648,0.3604,0.2648,-0.0956,-0.1528,-0.0482,,s7:-0.153;s17:-0.086;s27:-0.048
llama31_8b,P1_trend_direction,balanced_accuracy,L1,pretrained_minus_random,3,1.0,1.0,1.0,0.0,0.0,0.0,,s7:+0.000;s17:+0.000;s27:+0.000
llama31_8b,P1_trend_direction,macro_f1,L1,pretrained_minus_random,3,1.0,1.0,1.0,0.0,0.0,0.0,,s7:+0.000;s17:+0.000;s27:+0.000
llama31_8b,P2_trend_strength,balanced_accuracy,L1,pretrained_minus_random,3,0.3093,0.33,0.3093,-0.0207,-0.0357,0.006,,s7:-0.032;s17:-0.036;s27:+0.006
llama31_8b,P2_trend_strength,macro_f1,L1,pretrained_minus_random,3,0.3027,0.3292,0.3027,-0.0265,-0.0422,0.0029,,s7:-0.042;s17:-0.040;s27:+0.003
llama31_8b,P2b_trend_strength_reg,r2,L1,pretrained_minus_random,3,-0.2247,-0.4744,-0.2247,0.2497,0.0759,0.4991,,s7:+0.499;s17:+0.174;s27:+0.076
llama31_8b,P2b_trend_strength_reg,nmae,L1,pretrained_minus_random,3,0.8865,0.9674,0.8865,-0.0809,-0.1656,-0.0269,,s7:-0.166;s17:-0.050;s27:-0.027
llama31_8b,P3_periodicity_present,balanced_accuracy,L1,pretrained_minus_random,3,0.9653,0.9694,0.9653,-0.0042,-0.0167,0.0021,,s7:-0.017;s17:+0.002;s27:+0.002
llama31_8b,P3_periodicity_present,macro_f1,L1,pretrained_minus_random,3,0.958,0.9649,0.958,-0.0069,-0.0267,0.0031,,s7:-0.027;s17:+0.003;s27:+0.003
llama31_8b,P4_dominant_period,balanced_accuracy,L1,pretrained_minus_random,3,0.1999,0.2225,0.1999,-0.0226,-0.0396,-0.0001,,s7:-0.028;s17:-0.000;s27:-0.040
llama31_8b,P4_dominant_period,macro_f1,L1,pretrained_minus_random,3,0.199,0.2239,0.199,-0.0249,-0.0398,-0.0034,,s7:-0.032;s17:-0.003;s27:-0.040
llama31_8b,P4b_dominant_period_reg,r2,L1,pretrained_minus_random,3,-0.167,-0.5653,-0.167,0.3983,0.2957,0.5183,,s7:+0.381;s17:+0.296;s27:+0.518
llama31_8b,P4b_dominant_period_reg,nmae,L1,pretrained_minus_random,3,0.8503,0.9847,0.8503,-0.1344,-0.1746,-0.0785,,s7:-0.150;s17:-0.079;s27:-0.175
llama31_8b,P5_local_dependence,balanced_accuracy,L1,pretrained_minus_random,3,0.2783,0.2893,0.2783,-0.0111,-0.0506,0.0168,,s7:+0.001;s17:-0.051;s27:+0.017
llama31_8b,P5_local_dependence,macro_f1,L1,pretrained_minus_random,3,0.2747,0.2885,0.2747,-0.0138,-0.0528,0.0105,,s7:+0.001;s17:-0.053;s27:+0.011
llama31_8b,P5b_local_dependence_reg,r2,L1,pretrained_minus_random,3,-0.4226,-0.5915,-0.4226,0.1689,-0.1023,0.5115,,s7:-0.102;s17:+0.097;s27:+0.512
llama31_8b,P5b_local_dependence_reg,nmae,L1,pretrained_minus_random,3,0.9705,1.0176,0.9705,-0.0471,-0.143,0.0435,,s7:+0.044;s17:-0.042;s27:-0.143
llama31_8b,P6_noise_level,balanced_accuracy,L1,pretrained_minus_random,3,0.3923,0.4673,0.3923,-0.0751,-0.0964,-0.0456,,s7:-0.096;s17:-0.083;s27:-0.046
llama31_8b,P6_noise_level,macro_f1,L1,pretrained_minus_random,3,0.3785,0.4638,0.3785,-0.0852,-0.1023,-0.0599,,s7:-0.102;s17:-0.094;s27:-0.060
llama31_8b,P7_anomaly_present,balanced_accuracy,L1,pretrained_minus_random,3,0.5859,0.6094,0.5859,-0.0234,-0.0273,-0.0195,,s7:-0.023;s17:-0.027;s27:-0.020
llama31_8b,P7_anomaly_present,macro_f1,L1,pretrained_minus_random,3,0.5833,0.6058,0.5833,-0.0224,-0.0267,-0.0193,,s7:-0.019;s17:-0.027;s27:-0.021
llama31_8b,P8_anomaly_location,balanced_accuracy,L1,pretrained_minus_random,3,0.1913,0.1685,0.1913,0.0228,0.0058,0.0542,,s7:+0.006;s17:+0.054;s27:+0.008
llama31_8b,P8_anomaly_location,macro_f1,L1,pretrained_minus_random,3,0.1876,0.1655,0.1876,0.0221,0.003,0.0489,,s7:+0.014;s17:+0.049;s27:+0.003
llama31_8b,P9_changepoint_present,balanced_accuracy,L1,pretrained_minus_random,3,0.9466,0.9701,0.9466,-0.0234,-0.0312,-0.0156,,s7:-0.023;s17:-0.016;s27:-0.031
llama31_8b,P9_changepoint_present,macro_f1,L1,pretrained_minus_random,3,0.9465,0.97,0.9465,-0.0235,-0.0314,-0.0157,,s7:-0.023;s17:-0.016;s27:-0.031
llama31_8b,P10_changepoint_location,balanced_accuracy,p25,pretrained_minus_random,3,0.3469,0.3719,0.3469,-0.025,-0.0851,0.0293,,s7:-0.085;s17:-0.019;s27:+0.029
llama31_8b,P10_changepoint_location,macro_f1,p25,pretrained_minus_random,3,0.3272,0.3661,0.3272,-0.0389,-0.1059,0.0323,,s7:-0.106;s17:-0.043;s27:+0.032
llama31_8b,P1_trend_direction,balanced_accuracy,p25,pretrained_minus_random,3,1.0,1.0,1.0,0.0,0.0,0.0,,s7:+0.000;s17:+0.000;s27:+0.000
llama31_8b,P1_trend_direction,macro_f1,p25,pretrained_minus_random,3,1.0,1.0,1.0,0.0,0.0,0.0,,s7:+0.000;s17:+0.000;s27:+0.000
llama31_8b,P2_trend_strength,balanced_accuracy,p25,pretrained_minus_random,3,0.3848,0.3246,0.3848,0.0602,0.0304,0.0844,,s7:+0.030;s17:+0.066;s27:+0.084
llama31_8b,P2_trend_strength,macro_f1,p25,pretrained_minus_random,3,0.3781,0.3184,0.3781,0.0597,0.0258,0.0881,,s7:+0.026;s17:+0.065;s27:+0.088
llama31_8b,P2b_trend_strength_reg,r2,p25,pretrained_minus_random,3,-0.1819,-0.0417,-0.1819,-0.1402,-0.2257,-0.0845,,s7:-0.085;s17:-0.226;s27:-0.110
llama31_8b,P2b_trend_strength_reg,nmae,p25,pretrained_minus_random,3,0.8635,0.8371,0.8635,0.0263,-0.0033,0.0814,,s7:+0.001;s17:+0.081;s27:-0.003
llama31_8b,P3_periodicity_present,balanced_accuracy,p25,pretrained_minus_random,3,0.9792,0.9764,0.9792,0.0028,-0.0083,0.0125,,s7:-0.008;s17:+0.013;s27:+0.004
llama31_8b,P3_periodicity_present,macro_f1,p25,pretrained_minus_random,3,0.9801,0.9741,0.9801,0.006,-0.0064,0.0212,,s7:-0.006;s17:+0.021;s27:+0.003
llama31_8b,P4_dominant_period,balanced_accuracy,p25,pretrained_minus_random,3,0.6016,0.2788,0.6016,0.3228,0.2998,0.365,,s7:+0.300;s17:+0.365;s27:+0.304
llama31_8b,P4_dominant_period,macro_f1,p25,pretrained_minus_random,3,0.6002,0.2791,0.6002,0.3211,0.2961,0.3596,,s7:+0.296;s17:+0.360;s27:+0.308
llama31_8b,P4b_dominant_period_reg,r2,p25,pretrained_minus_random,3,0.9542,0.19,0.9542,0.7641,0.7428,0.7988,,s7:+0.799;s17:+0.743;s27:+0.751
llama31_8b,P4b_dominant_period_reg,nmae,p25,pretrained_minus_random,3,0.1661,0.7338,0.1661,-0.5677,-0.5884,-0.5516,,s7:-0.588;s17:-0.563;s27:-0.552
llama31_8b,P5_local_dependence,balanced_accuracy,p25,pretrained_minus_random,3,0.4653,0.3575,0.4653,0.1078,0.0811,0.1336,,s7:+0.109;s17:+0.081;s27:+0.134
llama31_8b,P5_local_dependence,macro_f1,p25,pretrained_minus_random,3,0.453,0.356,0.453,0.0969,0.0645,0.1189,,s7:+0.107;s17:+0.065;s27:+0.119
llama31_8b,P5b_local_dependence_reg,r2,p25,pretrained_minus_random,3,0.3357,-0.0041,0.3357,0.3398,0.2207,0.4618,,s7:+0.221;s17:+0.337;s27:+0.462
llama31_8b,P5b_local_dependence_reg,nmae,p25,pretrained_minus_random,3,0.6519,0.8335,0.6519,-0.1816,-0.2331,-0.1528,,s7:-0.153;s17:-0.159;s27:-0.233
llama31_8b,P6_noise_level,balanced_accuracy,p25,pretrained_minus_random,3,0.4526,0.4566,0.4526,-0.0039,-0.0385,0.0359,,s7:-0.039;s17:-0.009;s27:+0.036
llama31_8b,P6_noise_level,macro_f1,p25,pretrained_minus_random,3,0.4392,0.4539,0.4392,-0.0147,-0.0428,0.0181,,s7:-0.043;s17:-0.019;s27:+0.018
llama31_8b,P7_anomaly_present,balanced_accuracy,p25,pretrained_minus_random,3,0.7214,0.6276,0.7214,0.0938,0.0547,0.1367,,s7:+0.090;s17:+0.137;s27:+0.055
llama31_8b,P7_anomaly_present,macro_f1,p25,pretrained_minus_random,3,0.72,0.624,0.72,0.096,0.0544,0.1382,,s7:+0.095;s17:+0.138;s27:+0.054
llama31_8b,P8_anomaly_location,balanced_accuracy,p25,pretrained_minus_random,3,0.2162,0.2122,0.2162,0.004,-0.0244,0.0421,,s7:+0.042;s17:-0.024;s27:-0.006
llama31_8b,P8_anomaly_location,macro_f1,p25,pretrained_minus_random,3,0.2138,0.2066,0.2138,0.0072,-0.0264,0.0499,,s7:+0.050;s17:-0.026;s27:-0.002
llama31_8b,P9_changepoint_present,balanced_accuracy,p25,pretrained_minus_random,3,0.9648,0.9779,0.9648,-0.013,-0.0156,-0.0078,,s7:-0.016;s17:-0.008;s27:-0.016
llama31_8b,P9_changepoint_present,macro_f1,p25,pretrained_minus_random,3,0.9648,0.9779,0.9648,-0.0131,-0.0157,-0.0078,,s7:-0.016;s17:-0.008;s27:-0.016
llama31_8b,P10_changepoint_location,balanced_accuracy,p50,pretrained_minus_random,3,0.373,0.3579,0.373,0.0151,-0.0362,0.0437,,s7:-0.036;s17:+0.044;s27:+0.038
llama31_8b,P10_changepoint_location,macro_f1,p50,pretrained_minus_random,3,0.3622,0.3526,0.3622,0.0096,-0.0468,0.0422,,s7:-0.047;s17:+0.034;s27:+0.042
llama31_8b,P1_trend_direction,balanced_accuracy,p50,pretrained_minus_random,3,1.0,1.0,1.0,0.0,0.0,0.0,,s7:+0.000;s17:+0.000;s27:+0.000
llama31_8b,P1_trend_direction,macro_f1,p50,pretrained_minus_random,3,1.0,1.0,1.0,0.0,0.0,0.0,,s7:+0.000;s17:+0.000;s27:+0.000
llama31_8b,P2_trend_strength,balanced_accuracy,p50,pretrained_minus_random,3,0.3852,0.3215,0.3852,0.0636,0.043,0.081,,s7:+0.043;s17:+0.067;s27:+0.081
llama31_8b,P2_trend_strength,macro_f1,p50,pretrained_minus_random,3,0.3766,0.3164,0.3766,0.0602,0.0377,0.0788,,s7:+0.038;s17:+0.064;s27:+0.079
llama31_8b,P2b_trend_strength_reg,r2,p50,pretrained_minus_random,3,-0.24,-0.0587,-0.24,-0.1813,-0.3833,-0.0486,,s7:-0.112;s17:-0.383;s27:-0.049
llama31_8b,P2b_trend_strength_reg,nmae,p50,pretrained_minus_random,3,0.8799,0.8634,0.8799,0.0165,-0.0262,0.0752,,s7:+0.000;s17:+0.075;s27:-0.026
llama31_8b,P3_periodicity_present,balanced_accuracy,p50,pretrained_minus_random,3,0.9771,0.9771,0.9771,0.0,-0.0021,0.0021,,s7:+0.000;s17:+0.002;s27:-0.002
llama31_8b,P3_periodicity_present,macro_f1,p50,pretrained_minus_random,3,0.9781,0.9771,0.9781,0.001,-0.0029,0.006,,s7:-0.003;s17:+0.006;s27:-0.000
llama31_8b,P4_dominant_period,balanced_accuracy,p50,pretrained_minus_random,3,0.7643,0.2724,0.7643,0.4919,0.4538,0.5169,,s7:+0.454;s17:+0.517;s27:+0.505
llama31_8b,P4_dominant_period,macro_f1,p50,pretrained_minus_random,3,0.7617,0.2728,0.7617,0.489,0.4507,0.5138,,s7:+0.451;s17:+0.514;s27:+0.502
llama31_8b,P4b_dominant_period_reg,r2,p50,pretrained_minus_random,3,0.9444,0.199,0.9444,0.7453,0.7247,0.7745,,s7:+0.737;s17:+0.775;s27:+0.725
llama31_8b,P4b_dominant_period_reg,nmae,p50,pretrained_minus_random,3,0.1813,0.7228,0.1813,-0.5415,-0.5597,-0.5306,,s7:-0.534;s17:-0.560;s27:-0.531
llama31_8b,P5_local_dependence,balanced_accuracy,p50,pretrained_minus_random,3,0.4536,0.3074,0.4536,0.1461,0.1018,0.2241,,s7:+0.102;s17:+0.113;s27:+0.224
llama31_8b,P5_local_dependence,macro_f1,p50,pretrained_minus_random,3,0.4353,0.307,0.4353,0.1283,0.0786,0.2091,,s7:+0.079;s17:+0.097;s27:+0.209
llama31_8b,P5b_local_dependence_reg,r2,p50,pretrained_minus_random,3,0.3881,0.003,0.3881,0.3851,0.3192,0.454,,s7:+0.319;s17:+0.382;s27:+0.454
llama31_8b,P5b_local_dependence_reg,nmae,p50,pretrained_minus_random,3,0.6205,0.8403,0.6205,-0.2199,-0.2445,-0.2044,,s7:-0.204;s17:-0.211;s27:-0.244
llama31_8b,P6_noise_level,balanced_accuracy,p50,pretrained_minus_random,3,0.5733,0.4574,0.5733,0.1159,0.0902,0.1301,,s7:+0.127;s17:+0.130;s27:+0.090
llama31_8b,P6_noise_level,macro_f1,p50,pretrained_minus_random,3,0.5703,0.4532,0.5703,0.1171,0.0917,0.1321,,s7:+0.128;s17:+0.132;s27:+0.092
llama31_8b,P7_anomaly_present,balanced_accuracy,p50,pretrained_minus_random,3,0.7734,0.6393,0.7734,0.1341,0.1133,0.1562,,s7:+0.133;s17:+0.113;s27:+0.156
llama31_8b,P7_anomaly_present,macro_f1,p50,pretrained_minus_random,3,0.7722,0.638,0.7722,0.1342,0.1121,0.156,,s7:+0.135;s17:+0.112;s27:+0.156
llama31_8b,P8_anomaly_location,balanced_accuracy,p50,pretrained_minus_random,3,0.245,0.2111,0.245,0.0339,0.0062,0.0806,,s7:+0.015;s17:+0.081;s27:+0.006
llama31_8b,P8_anomaly_location,macro_f1,p50,pretrained_minus_random,3,0.2457,0.2036,0.2457,0.0422,0.0182,0.0813,,s7:+0.027;s17:+0.081;s27:+0.018
llama31_8b,P9_changepoint_present,balanced_accuracy,p50,pretrained_minus_random,3,0.9648,0.9766,0.9648,-0.0117,-0.0273,0.0039,,s7:+0.004;s17:-0.012;s27:-0.027
llama31_8b,P9_changepoint_present,macro_f1,p50,pretrained_minus_random,3,0.9648,0.9766,0.9648,-0.0117,-0.0273,0.0039,,s7:+0.004;s17:-0.012;s27:-0.027
llama31_8b,P10_changepoint_location,balanced_accuracy,p75,pretrained_minus_random,3,0.3194,0.3264,0.3194,-0.007,-0.0414,0.0224,,s7:-0.002;s17:-0.041;s27:+0.022
llama31_8b,P10_changepoint_location,macro_f1,p75,pretrained_minus_random,3,0.3092,0.3213,0.3092,-0.0121,-0.0434,0.025,,s7:-0.018;s17:-0.043;s27:+0.025
llama31_8b,P1_trend_direction,balanced_accuracy,p75,pretrained_minus_random,3,1.0,1.0,1.0,0.0,0.0,0.0,,s7:+0.000;s17:+0.000;s27:+0.000
llama31_8b,P1_trend_direction,macro_f1,p75,pretrained_minus_random,3,1.0,1.0,1.0,0.0,0.0,0.0,,s7:+0.000;s17:+0.000;s27:+0.000
llama31_8b,P2_trend_strength,balanced_accuracy,p75,pretrained_minus_random,3,0.389,0.3326,0.389,0.0564,0.024,0.0994,,s7:+0.024;s17:+0.099;s27:+0.046
llama31_8b,P2_trend_strength,macro_f1,p75,pretrained_minus_random,3,0.385,0.3288,0.385,0.0562,0.0214,0.1004,,s7:+0.021;s17:+0.100;s27:+0.047
llama31_8b,P2b_trend_strength_reg,r2,p75,pretrained_minus_random,3,-0.1843,-0.0467,-0.1843,-0.1376,-0.3237,0.0062,,s7:-0.095;s17:-0.324;s27:+0.006
llama31_8b,P2b_trend_strength_reg,nmae,p75,pretrained_minus_random,3,0.8545,0.8604,0.8545,-0.0059,-0.0463,0.0639,,s7:-0.035;s17:+0.064;s27:-0.046
llama31_8b,P3_periodicity_present,balanced_accuracy,p75,pretrained_minus_random,3,0.9757,0.9785,0.9757,-0.0028,-0.0042,0.0,,s7:+0.000;s17:-0.004;s27:-0.004
llama31_8b,P3_periodicity_present,macro_f1,p75,pretrained_minus_random,3,0.978,0.9781,0.978,-0.0001,-0.0032,0.0029,,s7:+0.003;s17:-0.003;s27:-0.000
llama31_8b,P4_dominant_period,balanced_accuracy,p75,pretrained_minus_random,3,0.7241,0.2486,0.7241,0.4756,0.4426,0.5132,,s7:+0.443;s17:+0.513;s27:+0.471
llama31_8b,P4_dominant_period,macro_f1,p75,pretrained_minus_random,3,0.7228,0.2481,0.7228,0.4747,0.444,0.5124,,s7:+0.444;s17:+0.512;s27:+0.468
llama31_8b,P4b_dominant_period_reg,r2,p75,pretrained_minus_random,3,0.9388,0.1708,0.9388,0.768,0.7383,0.7863,,s7:+0.738;s17:+0.786;s27:+0.779
llama31_8b,P4b_dominant_period_reg,nmae,p75,pretrained_minus_random,3,0.189,0.7455,0.189,-0.5566,-0.5626,-0.5498,,s7:-0.550;s17:-0.557;s27:-0.563
llama31_8b,P5_local_dependence,balanced_accuracy,p75,pretrained_minus_random,3,0.4958,0.3136,0.4958,0.1822,0.1079,0.2535,,s7:+0.108;s17:+0.185;s27:+0.254
llama31_8b,P5_local_dependence,macro_f1,p75,pretrained_minus_random,3,0.4827,0.311,0.4827,0.1717,0.1025,0.2297,,s7:+0.103;s17:+0.183;s27:+0.230
llama31_8b,P5b_local_dependence_reg,r2,p75,pretrained_minus_random,3,0.3564,0.0291,0.3564,0.3273,0.2628,0.3741,,s7:+0.263;s17:+0.374;s27:+0.345
llama31_8b,P5b_local_dependence_reg,nmae,p75,pretrained_minus_random,3,0.645,0.8344,0.645,-0.1895,-0.1924,-0.1877,,s7:-0.188;s17:-0.188;s27:-0.192
llama31_8b,P6_noise_level,balanced_accuracy,p75,pretrained_minus_random,3,0.4995,0.4468,0.4995,0.0527,0.0209,0.0974,,s7:+0.021;s17:+0.097;s27:+0.040
llama31_8b,P6_noise_level,macro_f1,p75,pretrained_minus_random,3,0.4985,0.4416,0.4985,0.0569,0.0233,0.1013,,s7:+0.023;s17:+0.101;s27:+0.046
llama31_8b,P7_anomaly_present,balanced_accuracy,p75,pretrained_minus_random,3,0.7656,0.6328,0.7656,0.1328,0.0977,0.1523,,s7:+0.098;s17:+0.152;s27:+0.148
llama31_8b,P7_anomaly_present,macro_f1,p75,pretrained_minus_random,3,0.7646,0.632,0.7646,0.1326,0.0985,0.1508,,s7:+0.099;s17:+0.151;s27:+0.149
llama31_8b,P8_anomaly_location,balanced_accuracy,p75,pretrained_minus_random,3,0.2169,0.1941,0.2169,0.0228,-0.0234,0.0668,,s7:+0.025;s17:+0.067;s27:-0.023
llama31_8b,P8_anomaly_location,macro_f1,p75,pretrained_minus_random,3,0.2146,0.1927,0.2146,0.0218,-0.0272,0.0672,,s7:+0.026;s17:+0.067;s27:-0.027
llama31_8b,P9_changepoint_present,balanced_accuracy,p75,pretrained_minus_random,3,0.9661,0.9779,0.9661,-0.0117,-0.0195,-0.0039,,s7:-0.004;s17:-0.012;s27:-0.020
llama31_8b,P9_changepoint_present,macro_f1,p75,pretrained_minus_random,3,0.9661,0.9779,0.9661,-0.0117,-0.0196,-0.0039,,s7:-0.004;s17:-0.012;s27:-0.020
llama31_8b,P10_changepoint_location,balanced_accuracy,final,pretrained_minus_random,3,0.3319,0.3471,0.3319,-0.0152,-0.0555,0.0345,,s7:-0.025;s17:-0.056;s27:+0.035
llama31_8b,P10_changepoint_location,macro_f1,final,pretrained_minus_random,3,0.3219,0.3444,0.3219,-0.0225,-0.0552,0.0396,,s7:-0.052;s17:-0.055;s27:+0.040
llama31_8b,P1_trend_direction,balanced_accuracy,final,pretrained_minus_random,3,1.0,1.0,1.0,0.0,0.0,0.0,,s7:+0.000;s17:+0.000;s27:+0.000
llama31_8b,P1_trend_direction,macro_f1,final,pretrained_minus_random,3,1.0,1.0,1.0,0.0,0.0,0.0,,s7:+0.000;s17:+0.000;s27:+0.000
llama31_8b,P2_trend_strength,balanced_accuracy,final,pretrained_minus_random,3,0.3846,0.3298,0.3846,0.0548,-0.0064,0.0959,,s7:+0.075;s17:+0.096;s27:-0.006
llama31_8b,P2_trend_strength,macro_f1,final,pretrained_minus_random,3,0.3764,0.3287,0.3764,0.0477,-0.0203,0.0951,,s7:+0.068;s17:+0.095;s27:-0.020
llama31_8b,P2b_trend_strength_reg,r2,final,pretrained_minus_random,3,-0.1332,-0.0304,-0.1332,-0.1028,-0.1576,-0.0138,,s7:-0.158;s17:-0.137;s27:-0.014
llama31_8b,P2b_trend_strength_reg,nmae,final,pretrained_minus_random,3,0.8517,0.8531,0.8517,-0.0014,-0.0237,0.0146,,s7:+0.005;s17:+0.015;s27:-0.024
llama31_8b,P3_periodicity_present,balanced_accuracy,final,pretrained_minus_random,3,0.9771,0.9819,0.9771,-0.0049,-0.0062,-0.0042,,s7:-0.004;s17:-0.006;s27:-0.004
llama31_8b,P3_periodicity_present,macro_f1,final,pretrained_minus_random,3,0.9781,0.9803,0.9781,-0.0022,-0.0062,-0.0001,,s7:-0.000;s17:-0.006;s27:-0.000
llama31_8b,P4_dominant_period,balanced_accuracy,final,pretrained_minus_random,3,0.6511,0.2588,0.6511,0.3923,0.3689,0.4176,,s7:+0.369;s17:+0.418;s27:+0.390
llama31_8b,P4_dominant_period,macro_f1,final,pretrained_minus_random,3,0.6463,0.2557,0.6463,0.3906,0.3695,0.416,,s7:+0.369;s17:+0.416;s27:+0.386
llama31_8b,P4b_dominant_period_reg,r2,final,pretrained_minus_random,3,0.925,0.1395,0.925,0.7855,0.7613,0.8181,,s7:+0.761;s17:+0.777;s27:+0.818
llama31_8b,P4b_dominant_period_reg,nmae,final,pretrained_minus_random,3,0.2028,0.765,0.2028,-0.5622,-0.5784,-0.5511,,s7:-0.557;s17:-0.551;s27:-0.578
llama31_8b,P5_local_dependence,balanced_accuracy,final,pretrained_minus_random,3,0.4816,0.3141,0.4816,0.1676,0.113,0.2573,,s7:+0.113;s17:+0.132;s27:+0.257
llama31_8b,P5_local_dependence,macro_f1,final,pretrained_minus_random,3,0.4645,0.3123,0.4645,0.1522,0.0992,0.2406,,s7:+0.099;s17:+0.117;s27:+0.241
llama31_8b,P5b_local_dependence_reg,r2,final,pretrained_minus_random,3,0.3221,0.0196,0.3221,0.3025,0.2959,0.3115,,s7:+0.296;s17:+0.300;s27:+0.311
llama31_8b,P5b_local_dependence_reg,nmae,final,pretrained_minus_random,3,0.6637,0.8411,0.6637,-0.1774,-0.1943,-0.1654,,s7:-0.194;s17:-0.165;s27:-0.172
llama31_8b,P6_noise_level,balanced_accuracy,final,pretrained_minus_random,3,0.5615,0.453,0.5615,0.1086,0.0707,0.1305,,s7:+0.124;s17:+0.130;s27:+0.071
llama31_8b,P6_noise_level,macro_f1,final,pretrained_minus_random,3,0.5613,0.4485,0.5613,0.1128,0.0736,0.1331,,s7:+0.132;s17:+0.133;s27:+0.074
llama31_8b,P7_anomaly_present,balanced_accuracy,final,pretrained_minus_random,3,0.7669,0.6354,0.7669,0.1315,0.1172,0.1523,,s7:+0.125;s17:+0.152;s27:+0.117
llama31_8b,P7_anomaly_present,macro_f1,final,pretrained_minus_random,3,0.766,0.6348,0.766,0.1312,0.1169,0.1517,,s7:+0.125;s17:+0.152;s27:+0.117
llama31_8b,P8_anomaly_location,balanced_accuracy,final,pretrained_minus_random,3,0.204,0.2025,0.204,0.0015,-0.0506,0.0697,,s7:-0.051;s17:+0.070;s27:-0.015
llama31_8b,P8_anomaly_location,macro_f1,final,pretrained_minus_random,3,0.2029,0.2025,0.2029,0.0005,-0.0408,0.0631,,s7:-0.041;s17:+0.063;s27:-0.021
llama31_8b,P9_changepoint_present,balanced_accuracy,final,pretrained_minus_random,3,0.9674,0.9753,0.9674,-0.0078,-0.0195,0.0039,,s7:+0.004;s17:-0.008;s27:-0.020
llama31_8b,P9_changepoint_present,macro_f1,final,pretrained_minus_random,3,0.9674,0.9752,0.9674,-0.0078,-0.0196,0.0039,,s7:+0.004;s17:-0.008;s27:-0.020
llama32_3b,P10_changepoint_location,balanced_accuracy,n/a,handcrafted,6,,,0.1859,,,,,
llama32_3b,P10_changepoint_location,macro_f1,n/a,handcrafted,6,,,0.1824,,,,,
llama32_3b,P1_trend_direction,balanced_accuracy,n/a,handcrafted,6,,,0.4849,,,,,
llama32_3b,P1_trend_direction,macro_f1,n/a,handcrafted,6,,,0.4841,,,,,
llama32_3b,P2_trend_strength,balanced_accuracy,n/a,handcrafted,6,,,0.4258,,,,,
llama32_3b,P2_trend_strength,macro_f1,n/a,handcrafted,6,,,0.4253,,,,,
llama32_3b,P2b_trend_strength_reg,r2,n/a,handcrafted,6,,,0.319,,,,,
llama32_3b,P2b_trend_strength_reg,nmae,n/a,handcrafted,6,,,0.6699,,,,,
llama32_3b,P3_periodicity_present,balanced_accuracy,n/a,handcrafted,6,,,0.9986,,,,,
llama32_3b,P3_periodicity_present,macro_f1,n/a,handcrafted,6,,,0.999,,,,,
llama32_3b,P4_dominant_period,balanced_accuracy,n/a,handcrafted,6,,,0.977,,,,,
llama32_3b,P4_dominant_period,macro_f1,n/a,handcrafted,6,,,0.9772,,,,,
llama32_3b,P4b_dominant_period_reg,r2,n/a,handcrafted,6,,,0.9213,,,,,
llama32_3b,P4b_dominant_period_reg,nmae,n/a,handcrafted,6,,,0.2233,,,,,
llama32_3b,P5_local_dependence,balanced_accuracy,n/a,handcrafted,6,,,0.5555,,,,,
llama32_3b,P5_local_dependence,macro_f1,n/a,handcrafted,6,,,0.5362,,,,,
llama32_3b,P5b_local_dependence_reg,r2,n/a,handcrafted,6,,,0.6624,,,,,
llama32_3b,P5b_local_dependence_reg,nmae,n/a,handcrafted,6,,,0.4572,,,,,
llama32_3b,P6_noise_level,balanced_accuracy,n/a,handcrafted,6,,,0.5013,,,,,
llama32_3b,P6_noise_level,macro_f1,n/a,handcrafted,6,,,0.4413,,,,,
llama32_3b,P7_anomaly_present,balanced_accuracy,n/a,handcrafted,6,,,0.7292,,,,,
llama32_3b,P7_anomaly_present,macro_f1,n/a,handcrafted,6,,,0.7283,,,,,
llama32_3b,P8_anomaly_location,balanced_accuracy,n/a,handcrafted,6,,,0.1508,,,,,
llama32_3b,P8_anomaly_location,macro_f1,n/a,handcrafted,6,,,0.1364,,,,,
llama32_3b,P9_changepoint_present,balanced_accuracy,n/a,handcrafted,6,,,0.8581,,,,,
llama32_3b,P9_changepoint_present,macro_f1,n/a,handcrafted,6,,,0.858,,,,,
llama32_3b,P10_changepoint_location,balanced_accuracy,L1,pretrained_minus_random,3,0.259,0.3346,0.259,-0.0756,-0.1129,-0.0323,,s7:-0.082;s17:-0.113;s27:-0.032
llama32_3b,P10_changepoint_location,macro_f1,L1,pretrained_minus_random,3,0.2426,0.3282,0.2426,-0.0857,-0.1018,-0.0614,,s7:-0.094;s17:-0.102;s27:-0.061
llama32_3b,P1_trend_direction,balanced_accuracy,L1,pretrained_minus_random,3,1.0,1.0,1.0,0.0,0.0,0.0,,s7:+0.000;s17:+0.000;s27:+0.000
llama32_3b,P1_trend_direction,macro_f1,L1,pretrained_minus_random,3,1.0,1.0,1.0,0.0,0.0,0.0,,s7:+0.000;s17:+0.000;s27:+0.000
llama32_3b,P2_trend_strength,balanced_accuracy,L1,pretrained_minus_random,3,0.3019,0.3014,0.3019,0.0005,-0.0378,0.061,,s7:+0.061;s17:-0.038;s27:-0.022
llama32_3b,P2_trend_strength,macro_f1,L1,pretrained_minus_random,3,0.2987,0.2966,0.2987,0.0021,-0.0376,0.0588,,s7:+0.059;s17:-0.038;s27:-0.015
llama32_3b,P2b_trend_strength_reg,r2,L1,pretrained_minus_random,3,-0.4238,-0.8279,-0.4238,0.4042,0.232,0.499,,s7:+0.481;s17:+0.499;s27:+0.232
llama32_3b,P2b_trend_strength_reg,nmae,L1,pretrained_minus_random,3,0.9644,1.0897,0.9644,-0.1253,-0.1564,-0.0733,,s7:-0.146;s17:-0.156;s27:-0.073
llama32_3b,P3_periodicity_present,balanced_accuracy,L1,pretrained_minus_random,3,0.9562,0.9681,0.9562,-0.0118,-0.05,0.0146,,s7:-0.050;s17:+0.015;s27:+0.000
llama32_3b,P3_periodicity_present,macro_f1,L1,pretrained_minus_random,3,0.9479,0.961,0.9479,-0.0131,-0.0545,0.0181,,s7:-0.054;s17:+0.018;s27:-0.003
llama32_3b,P4_dominant_period,balanced_accuracy,L1,pretrained_minus_random,3,0.1843,0.1863,0.1843,-0.002,-0.0411,0.0272,,s7:+0.027;s17:+0.008;s27:-0.041
llama32_3b,P4_dominant_period,macro_f1,L1,pretrained_minus_random,3,0.1835,0.1863,0.1835,-0.0027,-0.0398,0.0221,,s7:+0.022;s17:+0.009;s27:-0.040
llama32_3b,P4b_dominant_period_reg,r2,L1,pretrained_minus_random,3,-0.203,-0.9365,-0.203,0.7335,0.6141,0.799,,s7:+0.787;s17:+0.799;s27:+0.614
llama32_3b,P4b_dominant_period_reg,nmae,L1,pretrained_minus_random,3,0.8565,1.1111,0.8565,-0.2546,-0.2825,-0.2207,,s7:-0.282;s17:-0.261;s27:-0.221
llama32_3b,P5_local_dependence,balanced_accuracy,L1,pretrained_minus_random,3,0.288,0.2932,0.288,-0.0052,-0.0627,0.0434,,s7:+0.004;s17:-0.063;s27:+0.043
llama32_3b,P5_local_dependence,macro_f1,L1,pretrained_minus_random,3,0.2862,0.2885,0.2862,-0.0023,-0.059,0.0419,,s7:+0.010;s17:-0.059;s27:+0.042
llama32_3b,P5b_local_dependence_reg,r2,L1,pretrained_minus_random,3,-0.5872,-0.9947,-0.5872,0.4076,0.2386,0.6454,,s7:+0.645;s17:+0.339;s27:+0.239
llama32_3b,P5b_local_dependence_reg,nmae,L1,pretrained_minus_random,3,1.0257,1.1245,1.0257,-0.0988,-0.1931,-0.037,,s7:-0.193;s17:-0.066;s27:-0.037
llama32_3b,P6_noise_level,balanced_accuracy,L1,pretrained_minus_random,3,0.3902,0.4599,0.3902,-0.0697,-0.114,-0.0408,,s7:-0.114;s17:-0.041;s27:-0.054
llama32_3b,P6_noise_level,macro_f1,L1,pretrained_minus_random,3,0.3691,0.4582,0.3691,-0.0892,-0.134,-0.066,,s7:-0.134;s17:-0.066;s27:-0.068
llama32_3b,P7_anomaly_present,balanced_accuracy,L1,pretrained_minus_random,3,0.5612,0.5964,0.5612,-0.0352,-0.0508,-0.0078,,s7:-0.051;s17:-0.008;s27:-0.047
llama32_3b,P7_anomaly_present,macro_f1,L1,pretrained_minus_random,3,0.5567,0.5953,0.5567,-0.0386,-0.0516,-0.0138,,s7:-0.052;s17:-0.014;s27:-0.050
llama32_3b,P8_anomaly_location,balanced_accuracy,L1,pretrained_minus_random,3,0.1635,0.1815,0.1635,-0.0179,-0.0494,0.0273,,s7:-0.032;s17:+0.027;s27:-0.049
llama32_3b,P8_anomaly_location,macro_f1,L1,pretrained_minus_random,3,0.158,0.1809,0.158,-0.0229,-0.0654,0.034,,s7:-0.037;s17:+0.034;s27:-0.065
llama32_3b,P9_changepoint_present,balanced_accuracy,L1,pretrained_minus_random,3,0.957,0.9688,0.957,-0.0117,-0.0312,0.0039,,s7:+0.004;s17:-0.031;s27:-0.008
llama32_3b,P9_changepoint_present,macro_f1,L1,pretrained_minus_random,3,0.957,0.9687,0.957,-0.0117,-0.0313,0.0039,,s7:+0.004;s17:-0.031;s27:-0.008
llama32_3b,P10_changepoint_location,balanced_accuracy,p25,pretrained_minus_random,3,0.3338,0.3519,0.3338,-0.018,-0.132,0.112,,s7:-0.132;s17:-0.034;s27:+0.112
llama32_3b,P10_changepoint_location,macro_f1,p25,pretrained_minus_random,3,0.319,0.3496,0.319,-0.0306,-0.1419,0.092,,s7:-0.142;s17:-0.042;s27:+0.092
llama32_3b,P1_trend_direction,balanced_accuracy,p25,pretrained_minus_random,3,1.0,1.0,1.0,0.0,0.0,0.0,,s7:+0.000;s17:+0.000;s27:+0.000
llama32_3b,P1_trend_direction,macro_f1,p25,pretrained_minus_random,3,1.0,1.0,1.0,0.0,0.0,0.0,,s7:+0.000;s17:+0.000;s27:+0.000
llama32_3b,P2_trend_strength,balanced_accuracy,p25,pretrained_minus_random,3,0.3673,0.3383,0.3673,0.0289,0.0187,0.0366,,s7:+0.032;s17:+0.019;s27:+0.037
llama32_3b,P2_trend_strength,macro_f1,p25,pretrained_minus_random,3,0.3588,0.3326,0.3588,0.0262,0.0107,0.0449,,s7:+0.023;s17:+0.011;s27:+0.045
llama32_3b,P2b_trend_strength_reg,r2,p25,pretrained_minus_random,3,-0.3054,-0.304,-0.3054,-0.0015,-0.0525,0.0755,,s7:+0.076;s17:-0.053;s27:-0.027
llama32_3b,P2b_trend_strength_reg,nmae,p25,pretrained_minus_random,3,0.9204,0.9131,0.9204,0.0073,-0.0142,0.0337,,s7:-0.014;s17:+0.034;s27:+0.002
llama32_3b,P3_periodicity_present,balanced_accuracy,p25,pretrained_minus_random,3,0.9792,0.984,0.9792,-0.0049,-0.0167,0.0042,,s7:-0.017;s17:+0.004;s27:-0.002
llama32_3b,P3_periodicity_present,macro_f1,p25,pretrained_minus_random,3,0.9811,0.9824,0.9811,-0.0013,-0.0099,0.0092,,s7:-0.010;s17:+0.009;s27:-0.003
llama32_3b,P4_dominant_period,balanced_accuracy,p25,pretrained_minus_random,3,0.5785,0.4001,0.5785,0.1784,0.0927,0.2648,,s7:+0.178;s17:+0.093;s27:+0.265
llama32_3b,P4_dominant_period,macro_f1,p25,pretrained_minus_random,3,0.5696,0.3981,0.5696,0.1715,0.0792,0.2564,,s7:+0.179;s17:+0.079;s27:+0.256
llama32_3b,P4b_dominant_period_reg,r2,p25,pretrained_minus_random,3,0.9447,0.6155,0.9447,0.3292,0.2596,0.4525,,s7:+0.260;s17:+0.276;s27:+0.452
llama32_3b,P4b_dominant_period_reg,nmae,p25,pretrained_minus_random,3,0.1845,0.4877,0.1845,-0.3033,-0.3823,-0.2581,,s7:-0.258;s17:-0.269;s27:-0.382
llama32_3b,P5_local_dependence,balanced_accuracy,p25,pretrained_minus_random,3,0.4381,0.3143,0.4381,0.1239,0.0887,0.191,,s7:+0.092;s17:+0.089;s27:+0.191
llama32_3b,P5_local_dependence,macro_f1,p25,pretrained_minus_random,3,0.4287,0.3099,0.4287,0.1188,0.0767,0.1885,,s7:+0.091;s17:+0.077;s27:+0.188
llama32_3b,P5b_local_dependence_reg,r2,p25,pretrained_minus_random,3,0.304,-0.1016,0.304,0.4056,0.303,0.564,,s7:+0.350;s17:+0.303;s27:+0.564
llama32_3b,P5b_local_dependence_reg,nmae,p25,pretrained_minus_random,3,0.6683,0.8573,0.6683,-0.189,-0.2823,-0.1238,,s7:-0.161;s17:-0.124;s27:-0.282
llama32_3b,P6_noise_level,balanced_accuracy,p25,pretrained_minus_random,3,0.477,0.4639,0.477,0.0132,-0.0296,0.0848,,s7:+0.085;s17:-0.030;s27:-0.016
llama32_3b,P6_noise_level,macro_f1,p25,pretrained_minus_random,3,0.4708,0.4588,0.4708,0.012,-0.0369,0.0862,,s7:+0.086;s17:-0.037;s27:-0.013
llama32_3b,P7_anomaly_present,balanced_accuracy,p25,pretrained_minus_random,3,0.7122,0.638,0.7122,0.0742,0.0391,0.0938,,s7:+0.094;s17:+0.039;s27:+0.090
llama32_3b,P7_anomaly_present,macro_f1,p25,pretrained_minus_random,3,0.7116,0.6353,0.7116,0.0763,0.041,0.0981,,s7:+0.098;s17:+0.041;s27:+0.090
llama32_3b,P8_anomaly_location,balanced_accuracy,p25,pretrained_minus_random,3,0.1657,0.1928,0.1657,-0.0271,-0.0702,-0.0031,,s7:-0.008;s17:-0.003;s27:-0.070
llama32_3b,P8_anomaly_location,macro_f1,p25,pretrained_minus_random,3,0.1672,0.1908,0.1672,-0.0236,-0.0692,0.0007,,s7:-0.002;s17:+0.001;s27:-0.069
llama32_3b,P9_changepoint_present,balanced_accuracy,p25,pretrained_minus_random,3,0.9779,0.9727,0.9779,0.0052,-0.0039,0.0156,,s7:+0.016;s17:-0.004;s27:+0.004
llama32_3b,P9_changepoint_present,macro_f1,p25,pretrained_minus_random,3,0.9779,0.9726,0.9779,0.0052,-0.0039,0.0156,,s7:+0.016;s17:-0.004;s27:+0.004
llama32_3b,P10_changepoint_location,balanced_accuracy,p50,pretrained_minus_random,3,0.3709,0.3475,0.3709,0.0234,-0.0038,0.0718,,s7:-0.004;s17:+0.072;s27:+0.002
llama32_3b,P10_changepoint_location,macro_f1,p50,pretrained_minus_random,3,0.356,0.3445,0.356,0.0116,-0.0124,0.0464,,s7:+0.001;s17:+0.046;s27:-0.012
llama32_3b,P1_trend_direction,balanced_accuracy,p50,pretrained_minus_random,3,1.0,1.0,1.0,0.0,0.0,0.0,,s7:+0.000;s17:+0.000;s27:+0.000
llama32_3b,P1_trend_direction,macro_f1,p50,pretrained_minus_random,3,1.0,1.0,1.0,0.0,0.0,0.0,,s7:+0.000;s17:+0.000;s27:+0.000
llama32_3b,P2_trend_strength,balanced_accuracy,p50,pretrained_minus_random,3,0.3933,0.319,0.3933,0.0743,0.039,0.1254,,s7:+0.039;s17:+0.059;s27:+0.125
llama32_3b,P2_trend_strength,macro_f1,p50,pretrained_minus_random,3,0.3872,0.3111,0.3872,0.0761,0.0406,0.1286,,s7:+0.041;s17:+0.059;s27:+0.129
llama32_3b,P2b_trend_strength_reg,r2,p50,pretrained_minus_random,3,-0.3075,-0.2611,-0.3075,-0.0464,-0.1463,0.0391,,s7:+0.039;s17:-0.146;s27:-0.032
llama32_3b,P2b_trend_strength_reg,nmae,p50,pretrained_minus_random,3,0.9032,0.9097,0.9032,-0.0066,-0.0285,0.0104,,s7:-0.028;s17:+0.010;s27:-0.002
llama32_3b,P3_periodicity_present,balanced_accuracy,p50,pretrained_minus_random,3,0.9729,0.9833,0.9729,-0.0104,-0.0229,0.0062,,s7:-0.023;s17:+0.006;s27:-0.015
llama32_3b,P3_periodicity_present,macro_f1,p50,pretrained_minus_random,3,0.9729,0.9823,0.9729,-0.0095,-0.0215,0.0093,,s7:-0.016;s17:+0.009;s27:-0.021
llama32_3b,P4_dominant_period,balanced_accuracy,p50,pretrained_minus_random,3,0.7324,0.4247,0.7324,0.3077,0.2416,0.4158,,s7:+0.242;s17:+0.266;s27:+0.416
llama32_3b,P4_dominant_period,macro_f1,p50,pretrained_minus_random,3,0.7296,0.4226,0.7296,0.307,0.2396,0.4166,,s7:+0.240;s17:+0.265;s27:+0.417
llama32_3b,P4b_dominant_period_reg,r2,p50,pretrained_minus_random,3,0.939,0.633,0.939,0.306,0.233,0.3925,,s7:+0.233;s17:+0.293;s27:+0.392
llama32_3b,P4b_dominant_period_reg,nmae,p50,pretrained_minus_random,3,0.1889,0.4731,0.1889,-0.2842,-0.3292,-0.2417,,s7:-0.242;s17:-0.282;s27:-0.329
llama32_3b,P5_local_dependence,balanced_accuracy,p50,pretrained_minus_random,3,0.4567,0.3691,0.4567,0.0876,0.0632,0.1258,,s7:+0.074;s17:+0.126;s27:+0.063
llama32_3b,P5_local_dependence,macro_f1,p50,pretrained_minus_random,3,0.4516,0.3642,0.4516,0.0874,0.061,0.1231,,s7:+0.078;s17:+0.123;s27:+0.061
llama32_3b,P5b_local_dependence_reg,r2,p50,pretrained_minus_random,3,0.3396,-0.0446,0.3396,0.3842,0.3181,0.4764,,s7:+0.358;s17:+0.318;s27:+0.476
llama32_3b,P5b_local_dependence_reg,nmae,p50,pretrained_minus_random,3,0.6589,0.8366,0.6589,-0.1777,-0.2298,-0.116,,s7:-0.187;s17:-0.116;s27:-0.230
llama32_3b,P6_noise_level,balanced_accuracy,p50,pretrained_minus_random,3,0.5178,0.4676,0.5178,0.0502,0.0066,0.0975,,s7:+0.098;s17:+0.007;s27:+0.047
llama32_3b,P6_noise_level,macro_f1,p50,pretrained_minus_random,3,0.5166,0.4612,0.5166,0.0555,0.0095,0.1036,,s7:+0.104;s17:+0.009;s27:+0.053
llama32_3b,P7_anomaly_present,balanced_accuracy,p50,pretrained_minus_random,3,0.7253,0.6628,0.7253,0.0625,0.0391,0.0859,,s7:+0.086;s17:+0.062;s27:+0.039
llama32_3b,P7_anomaly_present,macro_f1,p50,pretrained_minus_random,3,0.7242,0.6606,0.7242,0.0636,0.0394,0.0879,,s7:+0.088;s17:+0.064;s27:+0.039
llama32_3b,P8_anomaly_location,balanced_accuracy,p50,pretrained_minus_random,3,0.2171,0.1835,0.2171,0.0336,0.0115,0.0508,,s7:+0.051;s17:+0.039;s27:+0.012
llama32_3b,P8_anomaly_location,macro_f1,p50,pretrained_minus_random,3,0.2145,0.1872,0.2145,0.0272,-0.0029,0.0447,,s7:+0.045;s17:+0.040;s27:-0.003
llama32_3b,P9_changepoint_present,balanced_accuracy,p50,pretrained_minus_random,3,0.9557,0.9753,0.9557,-0.0195,-0.0312,0.0,,s7:+0.000;s17:-0.031;s27:-0.027
llama32_3b,P9_changepoint_present,macro_f1,p50,pretrained_minus_random,3,0.9557,0.9752,0.9557,-0.0195,-0.0313,0.0,,s7:+0.000;s17:-0.031;s27:-0.027
llama32_3b,P10_changepoint_location,balanced_accuracy,p75,pretrained_minus_random,3,0.3429,0.3635,0.3429,-0.0206,-0.0735,0.0087,,s7:-0.074;s17:+0.009;s27:+0.003
llama32_3b,P10_changepoint_location,macro_f1,p75,pretrained_minus_random,3,0.3234,0.3641,0.3234,-0.0408,-0.109,-0.0034,,s7:-0.109;s17:-0.003;s27:-0.010
llama32_3b,P1_trend_direction,balanced_accuracy,p75,pretrained_minus_random,3,1.0,1.0,1.0,0.0,0.0,0.0,,s7:+0.000;s17:+0.000;s27:+0.000
llama32_3b,P1_trend_direction,macro_f1,p75,pretrained_minus_random,3,1.0,1.0,1.0,0.0,0.0,0.0,,s7:+0.000;s17:+0.000;s27:+0.000
llama32_3b,P2_trend_strength,balanced_accuracy,p75,pretrained_minus_random,3,0.385,0.3138,0.385,0.0711,0.0442,0.1196,,s7:+0.044;s17:+0.120;s27:+0.050
llama32_3b,P2_trend_strength,macro_f1,p75,pretrained_minus_random,3,0.3777,0.3083,0.3777,0.0694,0.0333,0.1218,,s7:+0.033;s17:+0.122;s27:+0.053
llama32_3b,P2b_trend_strength_reg,r2,p75,pretrained_minus_random,3,-0.2089,-0.2083,-0.2089,-0.0006,-0.2161,0.1318,,s7:+0.132;s17:-0.216;s27:+0.082
llama32_3b,P2b_trend_strength_reg,nmae,p75,pretrained_minus_random,3,0.8762,0.8836,0.8762,-0.0073,-0.055,0.0456,,s7:-0.055;s17:+0.046;s27:-0.013
llama32_3b,P3_periodicity_present,balanced_accuracy,p75,pretrained_minus_random,3,0.9701,0.9833,0.9701,-0.0132,-0.025,0.0042,,s7:-0.025;s17:+0.004;s27:-0.019
llama32_3b,P3_periodicity_present,macro_f1,p75,pretrained_minus_random,3,0.9708,0.9823,0.9708,-0.0116,-0.0217,0.0062,,s7:-0.019;s17:+0.006;s27:-0.022
llama32_3b,P4_dominant_period,balanced_accuracy,p75,pretrained_minus_random,3,0.7598,0.42,0.7598,0.3398,0.2521,0.4552,,s7:+0.312;s17:+0.252;s27:+0.455
llama32_3b,P4_dominant_period,macro_f1,p75,pretrained_minus_random,3,0.7581,0.4195,0.7581,0.3386,0.2498,0.4519,,s7:+0.314;s17:+0.250;s27:+0.452
llama32_3b,P4b_dominant_period_reg,r2,p75,pretrained_minus_random,3,0.9275,0.6141,0.9275,0.3134,0.2596,0.3738,,s7:+0.260;s17:+0.307;s27:+0.374
llama32_3b,P4b_dominant_period_reg,nmae,p75,pretrained_minus_random,3,0.2071,0.4964,0.2071,-0.2893,-0.3141,-0.2635,,s7:-0.263;s17:-0.290;s27:-0.314
llama32_3b,P5_local_dependence,balanced_accuracy,p75,pretrained_minus_random,3,0.4771,0.3605,0.4771,0.1166,0.0758,0.1439,,s7:+0.144;s17:+0.130;s27:+0.076
llama32_3b,P5_local_dependence,macro_f1,p75,pretrained_minus_random,3,0.4661,0.3562,0.4661,0.1099,0.0736,0.1369,,s7:+0.137;s17:+0.119;s27:+0.074
llama32_3b,P5b_local_dependence_reg,r2,p75,pretrained_minus_random,3,0.3252,0.007,0.3252,0.3182,0.2308,0.4277,,s7:+0.296;s17:+0.231;s27:+0.428
llama32_3b,P5b_local_dependence_reg,nmae,p75,pretrained_minus_random,3,0.6657,0.8242,0.6657,-0.1584,-0.2114,-0.0894,,s7:-0.175;s17:-0.089;s27:-0.211
llama32_3b,P6_noise_level,balanced_accuracy,p75,pretrained_minus_random,3,0.48,0.4602,0.48,0.0198,-0.0152,0.0493,,s7:+0.025;s17:-0.015;s27:+0.049
llama32_3b,P6_noise_level,macro_f1,p75,pretrained_minus_random,3,0.4792,0.4526,0.4792,0.0266,-0.0099,0.0578,,s7:+0.032;s17:-0.010;s27:+0.058
llama32_3b,P7_anomaly_present,balanced_accuracy,p75,pretrained_minus_random,3,0.7435,0.6575,0.7435,0.0859,0.0781,0.0938,,s7:+0.094;s17:+0.086;s27:+0.078
llama32_3b,P7_anomaly_present,macro_f1,p75,pretrained_minus_random,3,0.7418,0.6551,0.7418,0.0867,0.0784,0.0931,,s7:+0.093;s17:+0.089;s27:+0.078
llama32_3b,P8_anomaly_location,balanced_accuracy,p75,pretrained_minus_random,3,0.1889,0.1805,0.1889,0.0084,-0.044,0.0481,,s7:+0.021;s17:+0.048;s27:-0.044
llama32_3b,P8_anomaly_location,macro_f1,p75,pretrained_minus_random,3,0.1885,0.1842,0.1885,0.0043,-0.0541,0.0424,,s7:+0.025;s17:+0.042;s27:-0.054
llama32_3b,P9_changepoint_present,balanced_accuracy,p75,pretrained_minus_random,3,0.9701,0.9766,0.9701,-0.0065,-0.0352,0.0156,,s7:+0.016;s17:-0.035;s27:+0.000
llama32_3b,P9_changepoint_present,macro_f1,p75,pretrained_minus_random,3,0.97,0.9766,0.97,-0.0065,-0.0352,0.0156,,s7:+0.016;s17:-0.035;s27:+0.000
llama32_3b,P10_changepoint_location,balanced_accuracy,final,pretrained_minus_random,3,0.2992,0.3313,0.2992,-0.0321,-0.0561,-0.0003,,s7:-0.056;s17:-0.040;s27:-0.000
llama32_3b,P10_changepoint_location,macro_f1,final,pretrained_minus_random,3,0.2942,0.3315,0.2942,-0.0373,-0.0779,-0.0002,,s7:-0.078;s17:-0.034;s27:-0.000
llama32_3b,P1_trend_direction,balanced_accuracy,final,pretrained_minus_random,3,1.0,1.0,1.0,0.0,0.0,0.0,,s7:+0.000;s17:+0.000;s27:+0.000
llama32_3b,P1_trend_direction,macro_f1,final,pretrained_minus_random,3,1.0,1.0,1.0,0.0,0.0,0.0,,s7:+0.000;s17:+0.000;s27:+0.000
llama32_3b,P2_trend_strength,balanced_accuracy,final,pretrained_minus_random,3,0.3714,0.3219,0.3714,0.0495,0.037,0.0564,,s7:+0.056;s17:+0.055;s27:+0.037
llama32_3b,P2_trend_strength,macro_f1,final,pretrained_minus_random,3,0.3666,0.3134,0.3666,0.0531,0.0445,0.0612,,s7:+0.054;s17:+0.061;s27:+0.044
llama32_3b,P2b_trend_strength_reg,r2,final,pretrained_minus_random,3,-0.2113,-0.2019,-0.2113,-0.0094,-0.2316,0.1408,,s7:+0.141;s17:-0.232;s27:+0.063
llama32_3b,P2b_trend_strength_reg,nmae,final,pretrained_minus_random,3,0.8821,0.8872,0.8821,-0.005,-0.0603,0.0931,,s7:-0.060;s17:+0.093;s27:-0.048
llama32_3b,P3_periodicity_present,balanced_accuracy,final,pretrained_minus_random,3,0.966,0.9819,0.966,-0.016,-0.0271,0.0042,,s7:-0.025;s17:+0.004;s27:-0.027
llama32_3b,P3_periodicity_present,macro_f1,final,pretrained_minus_random,3,0.9666,0.9813,0.9666,-0.0147,-0.031,0.0061,,s7:-0.019;s17:+0.006;s27:-0.031
llama32_3b,P4_dominant_period,balanced_accuracy,final,pretrained_minus_random,3,0.7269,0.3982,0.7269,0.3287,0.2933,0.3892,,s7:+0.303;s17:+0.293;s27:+0.389
llama32_3b,P4_dominant_period,macro_f1,final,pretrained_minus_random,3,0.7237,0.3984,0.7237,0.3253,0.287,0.3873,,s7:+0.302;s17:+0.287;s27:+0.387
llama32_3b,P4b_dominant_period_reg,r2,final,pretrained_minus_random,3,0.9098,0.577,0.9098,0.3328,0.3074,0.3735,,s7:+0.307;s17:+0.318;s27:+0.374
llama32_3b,P4b_dominant_period_reg,nmae,final,pretrained_minus_random,3,0.2284,0.5176,0.2284,-0.2892,-0.3081,-0.2748,,s7:-0.285;s17:-0.275;s27:-0.308
llama32_3b,P5_local_dependence,balanced_accuracy,final,pretrained_minus_random,3,0.4514,0.3685,0.4514,0.0829,0.0655,0.1076,,s7:+0.076;s17:+0.066;s27:+0.108
llama32_3b,P5_local_dependence,macro_f1,final,pretrained_minus_random,3,0.4473,0.3622,0.4473,0.0851,0.0606,0.1114,,s7:+0.083;s17:+0.061;s27:+0.111
llama32_3b,P5b_local_dependence_reg,r2,final,pretrained_minus_random,3,0.2939,0.0012,0.2939,0.2927,0.28,0.3006,,s7:+0.280;s17:+0.301;s27:+0.297
llama32_3b,P5b_local_dependence_reg,nmae,final,pretrained_minus_random,3,0.6829,0.8202,0.6829,-0.1374,-0.154,-0.1139,,s7:-0.144;s17:-0.114;s27:-0.154
llama32_3b,P6_noise_level,balanced_accuracy,final,pretrained_minus_random,3,0.5096,0.4597,0.5096,0.0498,0.028,0.062,,s7:+0.062;s17:+0.028;s27:+0.059
llama32_3b,P6_noise_level,macro_f1,final,pretrained_minus_random,3,0.5059,0.4533,0.5059,0.0525,0.0341,0.0633,,s7:+0.060;s17:+0.034;s27:+0.063
llama32_3b,P7_anomaly_present,balanced_accuracy,final,pretrained_minus_random,3,0.7617,0.6523,0.7617,0.1094,0.082,0.1367,,s7:+0.109;s17:+0.137;s27:+0.082
llama32_3b,P7_anomaly_present,macro_f1,final,pretrained_minus_random,3,0.7601,0.6502,0.7601,0.1098,0.083,0.1371,,s7:+0.109;s17:+0.137;s27:+0.083
llama32_3b,P8_anomaly_location,balanced_accuracy,final,pretrained_minus_random,3,0.1596,0.1701,0.1596,-0.0106,-0.104,0.0699,,s7:+0.070;s17:+0.002;s27:-0.104
llama32_3b,P8_anomaly_location,macro_f1,final,pretrained_minus_random,3,0.1554,0.1701,0.1554,-0.0147,-0.1049,0.0635,,s7:+0.063;s17:-0.003;s27:-0.105
llama32_3b,P9_changepoint_present,balanced_accuracy,final,pretrained_minus_random,3,0.9531,0.9805,0.9531,-0.0273,-0.0859,0.0156,,s7:+0.016;s17:-0.086;s27:-0.012
llama32_3b,P9_changepoint_present,macro_f1,final,pretrained_minus_random,3,0.9531,0.9805,0.9531,-0.0274,-0.0861,0.0156,,s7:+0.016;s17:-0.086;s27:-0.012
mistral_7b_v03,P10_changepoint_location,balanced_accuracy,n/a,handcrafted,6,,,0.1859,,,,,
mistral_7b_v03,P10_changepoint_location,macro_f1,n/a,handcrafted,6,,,0.1824,,,,,
mistral_7b_v03,P1_trend_direction,balanced_accuracy,n/a,handcrafted,6,,,0.4849,,,,,
mistral_7b_v03,P1_trend_direction,macro_f1,n/a,handcrafted,6,,,0.4841,,,,,
mistral_7b_v03,P2_trend_strength,balanced_accuracy,n/a,handcrafted,6,,,0.4258,,,,,
mistral_7b_v03,P2_trend_strength,macro_f1,n/a,handcrafted,6,,,0.4253,,,,,
mistral_7b_v03,P2b_trend_strength_reg,r2,n/a,handcrafted,6,,,0.319,,,,,
mistral_7b_v03,P2b_trend_strength_reg,nmae,n/a,handcrafted,6,,,0.6699,,,,,
mistral_7b_v03,P3_periodicity_present,balanced_accuracy,n/a,handcrafted,6,,,0.9986,,,,,
mistral_7b_v03,P3_periodicity_present,macro_f1,n/a,handcrafted,6,,,0.999,,,,,
mistral_7b_v03,P4_dominant_period,balanced_accuracy,n/a,handcrafted,6,,,0.977,,,,,
mistral_7b_v03,P4_dominant_period,macro_f1,n/a,handcrafted,6,,,0.9772,,,,,
mistral_7b_v03,P4b_dominant_period_reg,r2,n/a,handcrafted,6,,,0.9213,,,,,
mistral_7b_v03,P4b_dominant_period_reg,nmae,n/a,handcrafted,6,,,0.2233,,,,,
mistral_7b_v03,P5_local_dependence,balanced_accuracy,n/a,handcrafted,6,,,0.5555,,,,,
mistral_7b_v03,P5_local_dependence,macro_f1,n/a,handcrafted,6,,,0.5362,,,,,
mistral_7b_v03,P5b_local_dependence_reg,r2,n/a,handcrafted,6,,,0.6624,,,,,
mistral_7b_v03,P5b_local_dependence_reg,nmae,n/a,handcrafted,6,,,0.4572,,,,,
mistral_7b_v03,P6_noise_level,balanced_accuracy,n/a,handcrafted,6,,,0.5013,,,,,
mistral_7b_v03,P6_noise_level,macro_f1,n/a,handcrafted,6,,,0.4413,,,,,
mistral_7b_v03,P7_anomaly_present,balanced_accuracy,n/a,handcrafted,6,,,0.7292,,,,,
mistral_7b_v03,P7_anomaly_present,macro_f1,n/a,handcrafted,6,,,0.7283,,,,,
mistral_7b_v03,P8_anomaly_location,balanced_accuracy,n/a,handcrafted,6,,,0.1508,,,,,
mistral_7b_v03,P8_anomaly_location,macro_f1,n/a,handcrafted,6,,,0.1364,,,,,
mistral_7b_v03,P9_changepoint_present,balanced_accuracy,n/a,handcrafted,6,,,0.8581,,,,,
mistral_7b_v03,P9_changepoint_present,macro_f1,n/a,handcrafted,6,,,0.858,,,,,
mistral_7b_v03,P10_changepoint_location,balanced_accuracy,L1,pretrained_minus_random,3,0.2572,0.3183,0.2572,-0.0611,-0.0719,-0.0501,,s7:-0.061;s17:-0.050;s27:-0.072
mistral_7b_v03,P10_changepoint_location,macro_f1,L1,pretrained_minus_random,3,0.2548,0.3153,0.2548,-0.0605,-0.0731,-0.0451,,s7:-0.063;s17:-0.045;s27:-0.073
mistral_7b_v03,P1_trend_direction,balanced_accuracy,L1,pretrained_minus_random,3,1.0,1.0,1.0,0.0,0.0,0.0,,s7:+0.000;s17:+0.000;s27:+0.000
mistral_7b_v03,P1_trend_direction,macro_f1,L1,pretrained_minus_random,3,1.0,1.0,1.0,0.0,0.0,0.0,,s7:+0.000;s17:+0.000;s27:+0.000
mistral_7b_v03,P2_trend_strength,balanced_accuracy,L1,pretrained_minus_random,3,0.2995,0.3672,0.2995,-0.0677,-0.1628,0.0287,,s7:-0.069;s17:+0.029;s27:-0.163
mistral_7b_v03,P2_trend_strength,macro_f1,L1,pretrained_minus_random,3,0.2913,0.3612,0.2913,-0.07,-0.1631,0.035,,s7:-0.082;s17:+0.035;s27:-0.163
mistral_7b_v03,P2b_trend_strength_reg,r2,L1,pretrained_minus_random,3,-0.2939,-0.852,-0.2939,0.5581,0.294,0.7706,,s7:+0.610;s17:+0.771;s27:+0.294
mistral_7b_v03,P2b_trend_strength_reg,nmae,L1,pretrained_minus_random,3,0.9112,1.1035,0.9112,-0.1922,-0.2327,-0.1189,,s7:-0.225;s17:-0.233;s27:-0.119
mistral_7b_v03,P3_periodicity_present,balanced_accuracy,L1,pretrained_minus_random,3,0.95,0.9507,0.95,-0.0007,-0.025,0.0333,,s7:+0.033;s17:-0.025;s27:-0.010
mistral_7b_v03,P3_periodicity_present,macro_f1,L1,pretrained_minus_random,3,0.9399,0.9455,0.9399,-0.0056,-0.0354,0.0365,,s7:+0.037;s17:-0.035;s27:-0.018
mistral_7b_v03,P4_dominant_period,balanced_accuracy,L1,pretrained_minus_random,3,0.1829,0.2641,0.1829,-0.0812,-0.1012,-0.058,,s7:-0.101;s17:-0.084;s27:-0.058
mistral_7b_v03,P4_dominant_period,macro_f1,L1,pretrained_minus_random,3,0.1681,0.2622,0.1681,-0.0941,-0.1112,-0.0615,,s7:-0.109;s17:-0.111;s27:-0.061
mistral_7b_v03,P4b_dominant_period_reg,r2,L1,pretrained_minus_random,3,0.0166,-0.1392,0.0166,0.1557,-0.0367,0.4847,,s7:+0.019;s17:+0.485;s27:-0.037
mistral_7b_v03,P4b_dominant_period_reg,nmae,L1,pretrained_minus_random,3,0.7741,0.8503,0.7741,-0.0762,-0.1918,-0.0004,,s7:-0.036;s17:-0.192;s27:-0.000
mistral_7b_v03,P5_local_dependence,balanced_accuracy,L1,pretrained_minus_random,3,0.2646,0.2908,0.2646,-0.0262,-0.042,-0.0115,,s7:-0.011;s17:-0.042;s27:-0.025
mistral_7b_v03,P5_local_dependence,macro_f1,L1,pretrained_minus_random,3,0.263,0.2888,0.263,-0.0258,-0.0516,-0.0004,,s7:-0.000;s17:-0.052;s27:-0.025
mistral_7b_v03,P5b_local_dependence_reg,r2,L1,pretrained_minus_random,3,-0.3348,-0.646,-0.3348,0.3112,0.2076,0.4119,,s7:+0.412;s17:+0.314;s27:+0.208
mistral_7b_v03,P5b_local_dependence_reg,nmae,L1,pretrained_minus_random,3,0.9453,1.036,0.9453,-0.0907,-0.1151,-0.0738,,s7:-0.115;s17:-0.083;s27:-0.074
mistral_7b_v03,P6_noise_level,balanced_accuracy,L1,pretrained_minus_random,3,0.3644,0.4335,0.3644,-0.0691,-0.1221,-0.0377,,s7:-0.122;s17:-0.038;s27:-0.047
mistral_7b_v03,P6_noise_level,macro_f1,L1,pretrained_minus_random,3,0.3237,0.4289,0.3237,-0.1051,-0.1491,-0.0695,,s7:-0.149;s17:-0.097;s27:-0.069
mistral_7b_v03,P7_anomaly_present,balanced_accuracy,L1,pretrained_minus_random,3,0.5651,0.5755,0.5651,-0.0104,-0.0352,0.0117,,s7:-0.035;s17:-0.008;s27:+0.012
mistral_7b_v03,P7_anomaly_present,macro_f1,L1,pretrained_minus_random,3,0.5643,0.5751,0.5643,-0.0108,-0.0343,0.01,,s7:-0.034;s17:-0.008;s27:+0.010
mistral_7b_v03,P8_anomaly_location,balanced_accuracy,L1,pretrained_minus_random,3,0.1643,0.169,0.1643,-0.0047,-0.0341,0.0118,,s7:+0.012;s17:-0.034;s27:+0.008
mistral_7b_v03,P8_anomaly_location,macro_f1,L1,pretrained_minus_random,3,0.1538,0.1688,0.1538,-0.015,-0.0478,0.0111,,s7:-0.008;s17:-0.048;s27:+0.011
mistral_7b_v03,P9_changepoint_present,balanced_accuracy,L1,pretrained_minus_random,3,0.9362,0.9349,0.9362,0.0013,-0.0156,0.0273,,s7:-0.008;s17:-0.016;s27:+0.027
mistral_7b_v03,P9_changepoint_present,macro_f1,L1,pretrained_minus_random,3,0.9361,0.9346,0.9361,0.0014,-0.0157,0.0277,,s7:-0.008;s17:-0.016;s27:+0.028
mistral_7b_v03,P10_changepoint_location,balanced_accuracy,p25,pretrained_minus_random,3,0.3733,0.3464,0.3733,0.0269,0.005,0.06,,s7:+0.016;s17:+0.005;s27:+0.060
mistral_7b_v03,P10_changepoint_location,macro_f1,p25,pretrained_minus_random,3,0.355,0.3409,0.355,0.0141,0.0021,0.0378,,s7:+0.002;s17:+0.002;s27:+0.038
mistral_7b_v03,P1_trend_direction,balanced_accuracy,p25,pretrained_minus_random,3,1.0,1.0,1.0,0.0,0.0,0.0,,s7:+0.000;s17:+0.000;s27:+0.000
mistral_7b_v03,P1_trend_direction,macro_f1,p25,pretrained_minus_random,3,1.0,1.0,1.0,0.0,0.0,0.0,,s7:+0.000;s17:+0.000;s27:+0.000
mistral_7b_v03,P2_trend_strength,balanced_accuracy,p25,pretrained_minus_random,3,0.3605,0.3765,0.3605,-0.0159,-0.0291,0.005,,s7:-0.024;s17:+0.005;s27:-0.029
mistral_7b_v03,P2_trend_strength,macro_f1,p25,pretrained_minus_random,3,0.3525,0.3702,0.3525,-0.0177,-0.034,0.0109,,s7:-0.034;s17:+0.011;s27:-0.030
mistral_7b_v03,P2b_trend_strength_reg,r2,p25,pretrained_minus_random,3,-0.2331,-0.1435,-0.2331,-0.0896,-0.2458,0.0097,,s7:+0.010;s17:-0.033;s27:-0.246
mistral_7b_v03,P2b_trend_strength_reg,nmae,p25,pretrained_minus_random,3,0.8908,0.863,0.8908,0.0279,-0.0076,0.0736,,s7:+0.018;s17:-0.008;s27:+0.074
mistral_7b_v03,P3_periodicity_present,balanced_accuracy,p25,pretrained_minus_random,3,0.9785,0.9736,0.9785,0.0049,-0.0062,0.0125,,s7:-0.006;s17:+0.008;s27:+0.012
mistral_7b_v03,P3_periodicity_present,macro_f1,p25,pretrained_minus_random,3,0.9801,0.971,0.9801,0.0091,-0.0006,0.0185,,s7:-0.001;s17:+0.009;s27:+0.019
mistral_7b_v03,P4_dominant_period,balanced_accuracy,p25,pretrained_minus_random,3,0.6252,0.5072,0.6252,0.118,0.0633,0.174,,s7:+0.117;s17:+0.174;s27:+0.063
mistral_7b_v03,P4_dominant_period,macro_f1,p25,pretrained_minus_random,3,0.6171,0.511,0.6171,0.1061,0.0509,0.1583,,s7:+0.109;s17:+0.158;s27:+0.051
mistral_7b_v03,P4b_dominant_period_reg,r2,p25,pretrained_minus_random,3,0.9539,0.6566,0.9539,0.2973,0.2375,0.3751,,s7:+0.238;s17:+0.375;s27:+0.279
mistral_7b_v03,P4b_dominant_period_reg,nmae,p25,pretrained_minus_random,3,0.1646,0.4693,0.1646,-0.3046,-0.3578,-0.267,,s7:-0.267;s17:-0.358;s27:-0.289
mistral_7b_v03,P5_local_dependence,balanced_accuracy,p25,pretrained_minus_random,3,0.4912,0.3376,0.4912,0.1536,0.1337,0.1673,,s7:+0.160;s17:+0.167;s27:+0.134
mistral_7b_v03,P5_local_dependence,macro_f1,p25,pretrained_minus_random,3,0.483,0.3322,0.483,0.1508,0.1343,0.1605,,s7:+0.158;s17:+0.161;s27:+0.134
mistral_7b_v03,P5b_local_dependence_reg,r2,p25,pretrained_minus_random,3,0.2613,-0.064,0.2613,0.3253,0.2318,0.4515,,s7:+0.232;s17:+0.293;s27:+0.452
mistral_7b_v03,P5b_local_dependence_reg,nmae,p25,pretrained_minus_random,3,0.6823,0.8498,0.6823,-0.1675,-0.2199,-0.1272,,s7:-0.127;s17:-0.155;s27:-0.220
mistral_7b_v03,P6_noise_level,balanced_accuracy,p25,pretrained_minus_random,3,0.4582,0.4636,0.4582,-0.0054,-0.0185,0.0199,,s7:-0.018;s17:+0.020;s27:-0.019
mistral_7b_v03,P6_noise_level,macro_f1,p25,pretrained_minus_random,3,0.4508,0.4597,0.4508,-0.0089,-0.0227,0.0147,,s7:-0.019;s17:+0.015;s27:-0.023
mistral_7b_v03,P7_anomaly_present,balanced_accuracy,p25,pretrained_minus_random,3,0.7135,0.5964,0.7135,0.1172,0.082,0.1641,,s7:+0.105;s17:+0.164;s27:+0.082
mistral_7b_v03,P7_anomaly_present,macro_f1,p25,pretrained_minus_random,3,0.7115,0.5958,0.7115,0.1157,0.0829,0.1631,,s7:+0.101;s17:+0.163;s27:+0.083
mistral_7b_v03,P8_anomaly_location,balanced_accuracy,p25,pretrained_minus_random,3,0.2149,0.1876,0.2149,0.0273,0.0118,0.0463,,s7:+0.024;s17:+0.046;s27:+0.012
mistral_7b_v03,P8_anomaly_location,macro_f1,p25,pretrained_minus_random,3,0.2115,0.1869,0.2115,0.0246,0.0122,0.0345,,s7:+0.027;s17:+0.035;s27:+0.012
mistral_7b_v03,P9_changepoint_present,balanced_accuracy,p25,pretrained_minus_random,3,0.9792,0.9466,0.9792,0.0326,0.0234,0.0391,,s7:+0.039;s17:+0.035;s27:+0.023
mistral_7b_v03,P9_changepoint_present,macro_f1,p25,pretrained_minus_random,3,0.9792,0.9466,0.9792,0.0326,0.0235,0.0391,,s7:+0.039;s17:+0.035;s27:+0.023
mistral_7b_v03,P10_changepoint_location,balanced_accuracy,p50,pretrained_minus_random,3,0.3408,0.3231,0.3408,0.0177,-0.042,0.0724,,s7:+0.072;s17:-0.042;s27:+0.023
mistral_7b_v03,P10_changepoint_location,macro_f1,p50,pretrained_minus_random,3,0.3329,0.3168,0.3329,0.0161,-0.034,0.0631,,s7:+0.063;s17:-0.034;s27:+0.019
mistral_7b_v03,P1_trend_direction,balanced_accuracy,p50,pretrained_minus_random,3,1.0,1.0,1.0,0.0,0.0,0.0,,s7:+0.000;s17:+0.000;s27:+0.000
mistral_7b_v03,P1_trend_direction,macro_f1,p50,pretrained_minus_random,3,1.0,1.0,1.0,0.0,0.0,0.0,,s7:+0.000;s17:+0.000;s27:+0.000
mistral_7b_v03,P2_trend_strength,balanced_accuracy,p50,pretrained_minus_random,3,0.4018,0.3611,0.4018,0.0407,-0.0013,0.1024,,s7:-0.001;s17:+0.102;s27:+0.021
mistral_7b_v03,P2_trend_strength,macro_f1,p50,pretrained_minus_random,3,0.3968,0.3542,0.3968,0.0426,-0.007,0.1,,s7:-0.007;s17:+0.100;s27:+0.035
mistral_7b_v03,P2b_trend_strength_reg,r2,p50,pretrained_minus_random,3,-0.2557,-0.0832,-0.2557,-0.1725,-0.2661,-0.0754,,s7:-0.266;s17:-0.075;s27:-0.176
mistral_7b_v03,P2b_trend_strength_reg,nmae,p50,pretrained_minus_random,3,0.9073,0.8416,0.9073,0.0658,0.0082,0.0999,,s7:+0.100;s17:+0.008;s27:+0.089
mistral_7b_v03,P3_periodicity_present,balanced_accuracy,p50,pretrained_minus_random,3,0.9806,0.975,0.9806,0.0056,0.0021,0.0083,,s7:+0.008;s17:+0.006;s27:+0.002
mistral_7b_v03,P3_periodicity_present,macro_f1,p50,pretrained_minus_random,3,0.9803,0.973,0.9803,0.0072,0.0061,0.0092,,s7:+0.009;s17:+0.006;s27:+0.006
mistral_7b_v03,P4_dominant_period,balanced_accuracy,p50,pretrained_minus_random,3,0.8248,0.5009,0.8248,0.3239,0.2678,0.3861,,s7:+0.318;s17:+0.386;s27:+0.268
mistral_7b_v03,P4_dominant_period,macro_f1,p50,pretrained_minus_random,3,0.8239,0.5035,0.8239,0.3204,0.2653,0.3822,,s7:+0.314;s17:+0.382;s27:+0.265
mistral_7b_v03,P4b_dominant_period_reg,r2,p50,pretrained_minus_random,3,0.9703,0.5734,0.9703,0.3969,0.3356,0.5055,,s7:+0.336;s17:+0.506;s27:+0.350
mistral_7b_v03,P4b_dominant_period_reg,nmae,p50,pretrained_minus_random,3,0.1338,0.5241,0.1338,-0.3903,-0.4722,-0.3486,,s7:-0.350;s17:-0.472;s27:-0.349
mistral_7b_v03,P5_local_dependence,balanced_accuracy,p50,pretrained_minus_random,3,0.4746,0.3203,0.4746,0.1543,0.128,0.1847,,s7:+0.185;s17:+0.150;s27:+0.128
mistral_7b_v03,P5_local_dependence,macro_f1,p50,pretrained_minus_random,3,0.4629,0.3176,0.4629,0.1453,0.115,0.1804,,s7:+0.180;s17:+0.140;s27:+0.115
mistral_7b_v03,P5b_local_dependence_reg,r2,p50,pretrained_minus_random,3,0.3774,-0.0033,0.3774,0.3807,0.3209,0.4491,,s7:+0.321;s17:+0.372;s27:+0.449
mistral_7b_v03,P5b_local_dependence_reg,nmae,p50,pretrained_minus_random,3,0.6386,0.826,0.6386,-0.1874,-0.2156,-0.1446,,s7:-0.145;s17:-0.202;s27:-0.216
mistral_7b_v03,P6_noise_level,balanced_accuracy,p50,pretrained_minus_random,3,0.5444,0.4417,0.5444,0.1027,0.0769,0.1165,,s7:+0.115;s17:+0.077;s27:+0.116
mistral_7b_v03,P6_noise_level,macro_f1,p50,pretrained_minus_random,3,0.5429,0.4374,0.5429,0.1055,0.0804,0.12,,s7:+0.116;s17:+0.080;s27:+0.120
mistral_7b_v03,P7_anomaly_present,balanced_accuracy,p50,pretrained_minus_random,3,0.7487,0.5729,0.7487,0.1758,0.1641,0.1875,,s7:+0.176;s17:+0.188;s27:+0.164
mistral_7b_v03,P7_anomaly_present,macro_f1,p50,pretrained_minus_random,3,0.7468,0.5717,0.7468,0.1752,0.1648,0.1872,,s7:+0.174;s17:+0.187;s27:+0.165
mistral_7b_v03,P8_anomaly_location,balanced_accuracy,p50,pretrained_minus_random,3,0.2417,0.196,0.2417,0.0456,0.0104,0.0808,,s7:+0.046;s17:+0.081;s27:+0.010
mistral_7b_v03,P8_anomaly_location,macro_f1,p50,pretrained_minus_random,3,0.2423,0.1966,0.2423,0.0457,0.0117,0.0785,,s7:+0.047;s17:+0.078;s27:+0.012
mistral_7b_v03,P9_changepoint_present,balanced_accuracy,p50,pretrained_minus_random,3,0.9688,0.9414,0.9688,0.0273,0.0039,0.0469,,s7:+0.047;s17:+0.004;s27:+0.031
mistral_7b_v03,P9_changepoint_present,macro_f1,p50,pretrained_minus_random,3,0.9687,0.9414,0.9687,0.0274,0.0039,0.0469,,s7:+0.047;s17:+0.004;s27:+0.031
mistral_7b_v03,P10_changepoint_location,balanced_accuracy,p75,pretrained_minus_random,3,0.3215,0.3526,0.3215,-0.0311,-0.1238,0.0205,,s7:+0.010;s17:+0.021;s27:-0.124
mistral_7b_v03,P10_changepoint_location,macro_f1,p75,pretrained_minus_random,3,0.3157,0.3498,0.3157,-0.0341,-0.1313,0.0151,,s7:+0.015;s17:+0.014;s27:-0.131
mistral_7b_v03,P1_trend_direction,balanced_accuracy,p75,pretrained_minus_random,3,1.0,1.0,1.0,0.0,0.0,0.0,,s7:+0.000;s17:+0.000;s27:+0.000
mistral_7b_v03,P1_trend_direction,macro_f1,p75,pretrained_minus_random,3,1.0,1.0,1.0,0.0,0.0,0.0,,s7:+0.000;s17:+0.000;s27:+0.000
mistral_7b_v03,P2_trend_strength,balanced_accuracy,p75,pretrained_minus_random,3,0.4113,0.3373,0.4113,0.074,0.0303,0.1533,,s7:+0.038;s17:+0.153;s27:+0.030
mistral_7b_v03,P2_trend_strength,macro_f1,p75,pretrained_minus_random,3,0.4053,0.3321,0.4053,0.0733,0.0308,0.1506,,s7:+0.038;s17:+0.151;s27:+0.031
mistral_7b_v03,P2b_trend_strength_reg,r2,p75,pretrained_minus_random,3,-0.3558,-0.1242,-0.3558,-0.2317,-0.322,-0.0605,,s7:-0.312;s17:-0.322;s27:-0.061
mistral_7b_v03,P2b_trend_strength_reg,nmae,p75,pretrained_minus_random,3,0.9301,0.8659,0.9301,0.0642,-0.0155,0.1164,,s7:+0.092;s17:+0.116;s27:-0.015
mistral_7b_v03,P3_periodicity_present,balanced_accuracy,p75,pretrained_minus_random,3,0.9882,0.9757,0.9882,0.0125,0.0104,0.0146,,s7:+0.015;s17:+0.013;s27:+0.010
mistral_7b_v03,P3_periodicity_present,macro_f1,p75,pretrained_minus_random,3,0.9865,0.9731,0.9865,0.0134,0.0124,0.0155,,s7:+0.015;s17:+0.012;s27:+0.012
mistral_7b_v03,P4_dominant_period,balanced_accuracy,p75,pretrained_minus_random,3,0.8073,0.4851,0.8073,0.3222,0.2562,0.3666,,s7:+0.344;s17:+0.367;s27:+0.256
mistral_7b_v03,P4_dominant_period,macro_f1,p75,pretrained_minus_random,3,0.8073,0.4873,0.8073,0.32,0.2542,0.3641,,s7:+0.342;s17:+0.364;s27:+0.254
mistral_7b_v03,P4b_dominant_period_reg,r2,p75,pretrained_minus_random,3,0.9644,0.5075,0.9644,0.4569,0.3874,0.5836,,s7:+0.387;s17:+0.584;s27:+0.400
mistral_7b_v03,P4b_dominant_period_reg,nmae,p75,pretrained_minus_random,3,0.1414,0.557,0.1414,-0.4156,-0.4803,-0.3779,,s7:-0.389;s17:-0.480;s27:-0.378
mistral_7b_v03,P5_local_dependence,balanced_accuracy,p75,pretrained_minus_random,3,0.4493,0.3314,0.4493,0.118,0.0975,0.1547,,s7:+0.155;s17:+0.098;s27:+0.102
mistral_7b_v03,P5_local_dependence,macro_f1,p75,pretrained_minus_random,3,0.4452,0.3289,0.4452,0.1163,0.092,0.1629,,s7:+0.163;s17:+0.092;s27:+0.094
mistral_7b_v03,P5b_local_dependence_reg,r2,p75,pretrained_minus_random,3,0.32,0.009,0.32,0.3109,0.2585,0.3627,,s7:+0.363;s17:+0.259;s27:+0.312
mistral_7b_v03,P5b_local_dependence_reg,nmae,p75,pretrained_minus_random,3,0.6605,0.8281,0.6605,-0.1676,-0.1886,-0.1434,,s7:-0.171;s17:-0.143;s27:-0.189
mistral_7b_v03,P6_noise_level,balanced_accuracy,p75,pretrained_minus_random,3,0.5359,0.4338,0.5359,0.1022,0.0782,0.1218,,s7:+0.122;s17:+0.107;s27:+0.078
mistral_7b_v03,P6_noise_level,macro_f1,p75,pretrained_minus_random,3,0.5353,0.4293,0.5353,0.106,0.0838,0.1234,,s7:+0.123;s17:+0.111;s27:+0.084
mistral_7b_v03,P7_anomaly_present,balanced_accuracy,p75,pretrained_minus_random,3,0.7747,0.5911,0.7747,0.1836,0.168,0.1992,,s7:+0.199;s17:+0.184;s27:+0.168
mistral_7b_v03,P7_anomaly_present,macro_f1,p75,pretrained_minus_random,3,0.7732,0.5904,0.7732,0.1828,0.1682,0.1959,,s7:+0.196;s17:+0.184;s27:+0.168
mistral_7b_v03,P8_anomaly_location,balanced_accuracy,p75,pretrained_minus_random,3,0.2597,0.175,0.2597,0.0847,0.0363,0.1355,,s7:+0.036;s17:+0.082;s27:+0.136
mistral_7b_v03,P8_anomaly_location,macro_f1,p75,pretrained_minus_random,3,0.2619,0.1715,0.2619,0.0904,0.0285,0.1556,,s7:+0.028;s17:+0.087;s27:+0.156
mistral_7b_v03,P9_changepoint_present,balanced_accuracy,p75,pretrained_minus_random,3,0.9779,0.9427,0.9779,0.0352,0.0195,0.0508,,s7:+0.051;s17:+0.020;s27:+0.035
mistral_7b_v03,P9_changepoint_present,macro_f1,p75,pretrained_minus_random,3,0.9779,0.9427,0.9779,0.0352,0.0196,0.0508,,s7:+0.051;s17:+0.020;s27:+0.035
mistral_7b_v03,P10_changepoint_location,balanced_accuracy,final,pretrained_minus_random,3,0.3075,0.332,0.3075,-0.0244,-0.1314,0.0604,,s7:-0.002;s17:+0.060;s27:-0.131
mistral_7b_v03,P10_changepoint_location,macro_f1,final,pretrained_minus_random,3,0.3043,0.3242,0.3043,-0.0199,-0.1284,0.0634,,s7:+0.005;s17:+0.063;s27:-0.128
mistral_7b_v03,P1_trend_direction,balanced_accuracy,final,pretrained_minus_random,3,1.0,1.0,1.0,0.0,0.0,0.0,,s7:+0.000;s17:+0.000;s27:+0.000
mistral_7b_v03,P1_trend_direction,macro_f1,final,pretrained_minus_random,3,1.0,1.0,1.0,0.0,0.0,0.0,,s7:+0.000;s17:+0.000;s27:+0.000
mistral_7b_v03,P2_trend_strength,balanced_accuracy,final,pretrained_minus_random,3,0.3948,0.3516,0.3948,0.0432,0.0081,0.0659,,s7:+0.008;s17:+0.056;s27:+0.066
mistral_7b_v03,P2_trend_strength,macro_f1,final,pretrained_minus_random,3,0.3882,0.3464,0.3882,0.0417,0.0082,0.0686,,s7:+0.008;s17:+0.048;s27:+0.069
mistral_7b_v03,P2b_trend_strength_reg,r2,final,pretrained_minus_random,3,-0.232,-0.0822,-0.232,-0.1498,-0.2488,-0.0697,,s7:-0.131;s17:-0.249;s27:-0.070
mistral_7b_v03,P2b_trend_strength_reg,nmae,final,pretrained_minus_random,3,0.8649,0.8402,0.8649,0.0247,-0.0444,0.0692,,s7:+0.049;s17:+0.069;s27:-0.044
mistral_7b_v03,P3_periodicity_present,balanced_accuracy,final,pretrained_minus_random,3,0.9903,0.9778,0.9903,0.0125,0.0062,0.0187,,s7:+0.019;s17:+0.012;s27:+0.006
mistral_7b_v03,P3_periodicity_present,macro_f1,final,pretrained_minus_random,3,0.9886,0.9761,0.9886,0.0124,0.0062,0.0216,,s7:+0.022;s17:+0.009;s27:+0.006
mistral_7b_v03,P4_dominant_period,balanced_accuracy,final,pretrained_minus_random,3,0.7694,0.4799,0.7694,0.2895,0.2255,0.3217,,s7:+0.322;s17:+0.321;s27:+0.225
mistral_7b_v03,P4_dominant_period,macro_f1,final,pretrained_minus_random,3,0.7678,0.4813,0.7678,0.2866,0.2218,0.3242,,s7:+0.324;s17:+0.314;s27:+0.222
mistral_7b_v03,P4b_dominant_period_reg,r2,final,pretrained_minus_random,3,0.9556,0.4655,0.9556,0.4901,0.4005,0.619,,s7:+0.401;s17:+0.619;s27:+0.451
mistral_7b_v03,P4b_dominant_period_reg,nmae,final,pretrained_minus_random,3,0.159,0.5779,0.159,-0.419,-0.4888,-0.3711,,s7:-0.371;s17:-0.489;s27:-0.397
mistral_7b_v03,P5_local_dependence,balanced_accuracy,final,pretrained_minus_random,3,0.4353,0.3297,0.4353,0.1056,0.0683,0.1245,,s7:+0.068;s17:+0.124;s27:+0.125
mistral_7b_v03,P5_local_dependence,macro_f1,final,pretrained_minus_random,3,0.4293,0.3242,0.4293,0.1051,0.0695,0.1242,,s7:+0.070;s17:+0.122;s27:+0.124
mistral_7b_v03,P5b_local_dependence_reg,r2,final,pretrained_minus_random,3,0.3721,-0.0131,0.3721,0.3852,0.3714,0.3972,,s7:+0.387;s17:+0.397;s27:+0.371
mistral_7b_v03,P5b_local_dependence_reg,nmae,final,pretrained_minus_random,3,0.636,0.8345,0.636,-0.1985,-0.2228,-0.1789,,s7:-0.179;s17:-0.194;s27:-0.223
mistral_7b_v03,P6_noise_level,balanced_accuracy,final,pretrained_minus_random,3,0.5589,0.4498,0.5589,0.1091,0.0759,0.1317,,s7:+0.132;s17:+0.076;s27:+0.120
mistral_7b_v03,P6_noise_level,macro_f1,final,pretrained_minus_random,3,0.5583,0.4457,0.5583,0.1126,0.0789,0.1356,,s7:+0.136;s17:+0.079;s27:+0.123
mistral_7b_v03,P7_anomaly_present,balanced_accuracy,final,pretrained_minus_random,3,0.7799,0.6107,0.7799,0.1693,0.1289,0.2031,,s7:+0.176;s17:+0.129;s27:+0.203
mistral_7b_v03,P7_anomaly_present,macro_f1,final,pretrained_minus_random,3,0.7786,0.6096,0.7786,0.169,0.1307,0.2032,,s7:+0.173;s17:+0.131;s27:+0.203
mistral_7b_v03,P8_anomaly_location,balanced_accuracy,final,pretrained_minus_random,3,0.2,0.1923,0.2,0.0078,-0.0538,0.0618,,s7:-0.054;s17:+0.062;s27:+0.015
mistral_7b_v03,P8_anomaly_location,macro_f1,final,pretrained_minus_random,3,0.1965,0.192,0.1965,0.0046,-0.0574,0.0654,,s7:-0.057;s17:+0.065;s27:+0.006
mistral_7b_v03,P9_changepoint_present,balanced_accuracy,final,pretrained_minus_random,3,0.9831,0.9388,0.9831,0.0443,0.0234,0.0547,,s7:+0.055;s17:+0.023;s27:+0.055
mistral_7b_v03,P9_changepoint_present,macro_f1,final,pretrained_minus_random,3,0.9831,0.9387,0.9831,0.0443,0.0235,0.0548,,s7:+0.055;s17:+0.023;s27:+0.055
olmo2_13b,P10_changepoint_location,balanced_accuracy,n/a,handcrafted,6,,,0.1859,,,,,
olmo2_13b,P10_changepoint_location,macro_f1,n/a,handcrafted,6,,,0.1824,,,,,
olmo2_13b,P1_trend_direction,balanced_accuracy,n/a,handcrafted,6,,,0.4849,,,,,
olmo2_13b,P1_trend_direction,macro_f1,n/a,handcrafted,6,,,0.4841,,,,,
olmo2_13b,P2_trend_strength,balanced_accuracy,n/a,handcrafted,6,,,0.4258,,,,,
olmo2_13b,P2_trend_strength,macro_f1,n/a,handcrafted,6,,,0.4253,,,,,
olmo2_13b,P2b_trend_strength_reg,r2,n/a,handcrafted,6,,,0.319,,,,,
olmo2_13b,P2b_trend_strength_reg,nmae,n/a,handcrafted,6,,,0.6699,,,,,
olmo2_13b,P3_periodicity_present,balanced_accuracy,n/a,handcrafted,6,,,0.9986,,,,,
olmo2_13b,P3_periodicity_present,macro_f1,n/a,handcrafted,6,,,0.999,,,,,
olmo2_13b,P4_dominant_period,balanced_accuracy,n/a,handcrafted,6,,,0.977,,,,,
olmo2_13b,P4_dominant_period,macro_f1,n/a,handcrafted,6,,,0.9772,,,,,
olmo2_13b,P4b_dominant_period_reg,r2,n/a,handcrafted,6,,,0.9213,,,,,
olmo2_13b,P4b_dominant_period_reg,nmae,n/a,handcrafted,6,,,0.2233,,,,,
olmo2_13b,P5_local_dependence,balanced_accuracy,n/a,handcrafted,6,,,0.5555,,,,,
olmo2_13b,P5_local_dependence,macro_f1,n/a,handcrafted,6,,,0.5362,,,,,
olmo2_13b,P5b_local_dependence_reg,r2,n/a,handcrafted,6,,,0.6624,,,,,
olmo2_13b,P5b_local_dependence_reg,nmae,n/a,handcrafted,6,,,0.4572,,,,,
olmo2_13b,P6_noise_level,balanced_accuracy,n/a,handcrafted,6,,,0.5013,,,,,
olmo2_13b,P6_noise_level,macro_f1,n/a,handcrafted,6,,,0.4413,,,,,
olmo2_13b,P7_anomaly_present,balanced_accuracy,n/a,handcrafted,6,,,0.7292,,,,,
olmo2_13b,P7_anomaly_present,macro_f1,n/a,handcrafted,6,,,0.7283,,,,,
olmo2_13b,P8_anomaly_location,balanced_accuracy,n/a,handcrafted,6,,,0.1508,,,,,
olmo2_13b,P8_anomaly_location,macro_f1,n/a,handcrafted,6,,,0.1364,,,,,
olmo2_13b,P9_changepoint_present,balanced_accuracy,n/a,handcrafted,6,,,0.8581,,,,,
olmo2_13b,P9_changepoint_present,macro_f1,n/a,handcrafted,6,,,0.858,,,,,
olmo2_13b,P10_changepoint_location,balanced_accuracy,L1,pretrained_minus_random,3,0.2763,0.3882,0.2763,-0.112,-0.1677,-0.0429,,s7:-0.168;s17:-0.125;s27:-0.043
olmo2_13b,P10_changepoint_location,macro_f1,L1,pretrained_minus_random,3,0.264,0.3769,0.264,-0.113,-0.1834,-0.03,,s7:-0.183;s17:-0.125;s27:-0.030
olmo2_13b,P1_trend_direction,balanced_accuracy,L1,pretrained_minus_random,3,1.0,1.0,1.0,0.0,0.0,0.0,,s7:+0.000;s17:+0.000;s27:+0.000
olmo2_13b,P1_trend_direction,macro_f1,L1,pretrained_minus_random,3,1.0,1.0,1.0,0.0,0.0,0.0,,s7:+0.000;s17:+0.000;s27:+0.000
olmo2_13b,P2_trend_strength,balanced_accuracy,L1,pretrained_minus_random,3,0.288,0.3431,0.288,-0.0551,-0.0625,-0.0431,,s7:-0.060;s17:-0.062;s27:-0.043
olmo2_13b,P2_trend_strength,macro_f1,L1,pretrained_minus_random,3,0.2845,0.3366,0.2845,-0.0521,-0.0645,-0.0306,,s7:-0.061;s17:-0.064;s27:-0.031
olmo2_13b,P2b_trend_strength_reg,r2,L1,pretrained_minus_random,3,-0.3028,-0.6537,-0.3028,0.3509,0.1412,0.4905,,s7:+0.491;s17:+0.141;s27:+0.421
olmo2_13b,P2b_trend_strength_reg,nmae,L1,pretrained_minus_random,3,0.9162,1.0162,0.9162,-0.1,-0.1462,-0.0534,,s7:-0.146;s17:-0.053;s27:-0.100
olmo2_13b,P3_periodicity_present,balanced_accuracy,L1,pretrained_minus_random,3,0.9569,0.9771,0.9569,-0.0201,-0.025,-0.0146,,s7:-0.025;s17:-0.021;s27:-0.015
olmo2_13b,P3_periodicity_present,macro_f1,L1,pretrained_minus_random,3,0.9506,0.9712,0.9506,-0.0206,-0.0214,-0.0191,,s7:-0.019;s17:-0.021;s27:-0.021
olmo2_13b,P4_dominant_period,balanced_accuracy,L1,pretrained_minus_random,3,0.1685,0.1814,0.1685,-0.0129,-0.0265,0.0046,,s7:-0.026;s17:-0.017;s27:+0.005
olmo2_13b,P4_dominant_period,macro_f1,L1,pretrained_minus_random,3,0.1664,0.1834,0.1664,-0.017,-0.0319,0.0034,,s7:-0.032;s17:-0.023;s27:+0.003
olmo2_13b,P4b_dominant_period_reg,r2,L1,pretrained_minus_random,3,-0.1929,-0.9646,-0.1929,0.7717,0.1843,1.2439,,s7:+0.184;s17:+0.887;s27:+1.244
olmo2_13b,P4b_dominant_period_reg,nmae,L1,pretrained_minus_random,3,0.8743,1.123,0.8743,-0.2486,-0.4006,-0.0648,,s7:-0.065;s17:-0.280;s27:-0.401
olmo2_13b,P5_local_dependence,balanced_accuracy,L1,pretrained_minus_random,3,0.2926,0.2616,0.2926,0.031,-0.0147,0.0727,,s7:-0.015;s17:+0.035;s27:+0.073
olmo2_13b,P5_local_dependence,macro_f1,L1,pretrained_minus_random,3,0.2864,0.2607,0.2864,0.0257,-0.0224,0.0625,,s7:-0.022;s17:+0.037;s27:+0.062
olmo2_13b,P5b_local_dependence_reg,r2,L1,pretrained_minus_random,3,-0.3336,-0.7075,-0.3336,0.3739,0.2133,0.6745,,s7:+0.213;s17:+0.234;s27:+0.675
olmo2_13b,P5b_local_dependence_reg,nmae,L1,pretrained_minus_random,3,0.9408,1.0604,0.9408,-0.1196,-0.2307,-0.0626,,s7:-0.063;s17:-0.065;s27:-0.231
olmo2_13b,P6_noise_level,balanced_accuracy,L1,pretrained_minus_random,3,0.3746,0.4817,0.3746,-0.1071,-0.1282,-0.0859,,s7:-0.107;s17:-0.128;s27:-0.086
olmo2_13b,P6_noise_level,macro_f1,L1,pretrained_minus_random,3,0.3464,0.4804,0.3464,-0.134,-0.1599,-0.1159,,s7:-0.126;s17:-0.160;s27:-0.116
olmo2_13b,P7_anomaly_present,balanced_accuracy,L1,pretrained_minus_random,3,0.6107,0.6367,0.6107,-0.026,-0.0469,-0.0039,,s7:-0.047;s17:-0.004;s27:-0.027
olmo2_13b,P7_anomaly_present,macro_f1,L1,pretrained_minus_random,3,0.6088,0.6333,0.6088,-0.0245,-0.045,-0.0013,,s7:-0.045;s17:-0.001;s27:-0.027
olmo2_13b,P8_anomaly_location,balanced_accuracy,L1,pretrained_minus_random,3,0.1787,0.2109,0.1787,-0.0322,-0.0635,0.0026,,s7:+0.003;s17:-0.064;s27:-0.036
olmo2_13b,P8_anomaly_location,macro_f1,L1,pretrained_minus_random,3,0.1779,0.2122,0.1779,-0.0343,-0.0642,-0.0078,,s7:-0.008;s17:-0.064;s27:-0.031
olmo2_13b,P9_changepoint_present,balanced_accuracy,L1,pretrained_minus_random,3,0.9401,0.9544,0.9401,-0.0143,-0.0234,-0.0039,,s7:-0.016;s17:-0.023;s27:-0.004
olmo2_13b,P9_changepoint_present,macro_f1,L1,pretrained_minus_random,3,0.9399,0.9543,0.9399,-0.0144,-0.0236,-0.0039,,s7:-0.016;s17:-0.024;s27:-0.004
olmo2_13b,P10_changepoint_location,balanced_accuracy,p25,pretrained_minus_random,3,0.3735,0.3517,0.3735,0.0218,-0.0302,0.0696,,s7:-0.030;s17:+0.026;s27:+0.070
olmo2_13b,P10_changepoint_location,macro_f1,p25,pretrained_minus_random,3,0.3491,0.3331,0.3491,0.0161,-0.0465,0.0811,,s7:-0.046;s17:+0.014;s27:+0.081
olmo2_13b,P1_trend_direction,balanced_accuracy,p25,pretrained_minus_random,3,1.0,1.0,1.0,0.0,0.0,0.0,,s7:+0.000;s17:+0.000;s27:+0.000
olmo2_13b,P1_trend_direction,macro_f1,p25,pretrained_minus_random,3,1.0,1.0,1.0,0.0,0.0,0.0,,s7:+0.000;s17:+0.000;s27:+0.000
olmo2_13b,P2_trend_strength,balanced_accuracy,p25,pretrained_minus_random,3,0.3615,0.3542,0.3615,0.0073,-0.0251,0.0277,,s7:-0.025;s17:+0.028;s27:+0.019
olmo2_13b,P2_trend_strength,macro_f1,p25,pretrained_minus_random,3,0.3545,0.3454,0.3545,0.0091,-0.0303,0.0349,,s7:-0.030;s17:+0.023;s27:+0.035
olmo2_13b,P2b_trend_strength_reg,r2,p25,pretrained_minus_random,3,-0.0384,-0.4608,-0.0384,0.4224,0.2534,0.5952,,s7:+0.419;s17:+0.253;s27:+0.595
olmo2_13b,P2b_trend_strength_reg,nmae,p25,pretrained_minus_random,3,0.8146,0.9874,0.8146,-0.1727,-0.2348,-0.1258,,s7:-0.158;s17:-0.126;s27:-0.235
olmo2_13b,P3_periodicity_present,balanced_accuracy,p25,pretrained_minus_random,3,0.9847,0.9833,0.9847,0.0014,-0.0146,0.0104,,s7:-0.015;s17:+0.010;s27:+0.008
olmo2_13b,P3_periodicity_present,macro_f1,p25,pretrained_minus_random,3,0.9863,0.9823,0.9863,0.004,-0.0097,0.0124,,s7:-0.010;s17:+0.012;s27:+0.009
olmo2_13b,P4_dominant_period,balanced_accuracy,p25,pretrained_minus_random,3,0.8108,0.3779,0.8108,0.4329,0.42,0.4493,,s7:+0.420;s17:+0.429;s27:+0.449
olmo2_13b,P4_dominant_period,macro_f1,p25,pretrained_minus_random,3,0.8094,0.3689,0.8094,0.4405,0.4226,0.4614,,s7:+0.423;s17:+0.438;s27:+0.461
olmo2_13b,P4b_dominant_period_reg,r2,p25,pretrained_minus_random,3,0.9745,0.7268,0.9745,0.2477,0.219,0.2736,,s7:+0.250;s17:+0.219;s27:+0.274
olmo2_13b,P4b_dominant_period_reg,nmae,p25,pretrained_minus_random,3,0.1222,0.4116,0.1222,-0.2894,-0.3021,-0.277,,s7:-0.302;s17:-0.277;s27:-0.289
olmo2_13b,P5_local_dependence,balanced_accuracy,p25,pretrained_minus_random,3,0.4497,0.3529,0.4497,0.0968,0.0502,0.1369,,s7:+0.103;s17:+0.050;s27:+0.137
olmo2_13b,P5_local_dependence,macro_f1,p25,pretrained_minus_random,3,0.4346,0.3451,0.4346,0.0895,0.0336,0.1404,,s7:+0.094;s17:+0.034;s27:+0.140
olmo2_13b,P5b_local_dependence_reg,r2,p25,pretrained_minus_random,3,0.2921,-0.1148,0.2921,0.4069,0.1996,0.7226,,s7:+0.298;s17:+0.200;s27:+0.723
olmo2_13b,P5b_local_dependence_reg,nmae,p25,pretrained_minus_random,3,0.6744,0.8537,0.6744,-0.1793,-0.3029,-0.1003,,s7:-0.135;s17:-0.100;s27:-0.303
olmo2_13b,P6_noise_level,balanced_accuracy,p25,pretrained_minus_random,3,0.4859,0.4514,0.4859,0.0345,0.0151,0.0458,,s7:+0.046;s17:+0.043;s27:+0.015
olmo2_13b,P6_noise_level,macro_f1,p25,pretrained_minus_random,3,0.4811,0.4462,0.4811,0.0349,0.0131,0.0485,,s7:+0.043;s17:+0.048;s27:+0.013
olmo2_13b,P7_anomaly_present,balanced_accuracy,p25,pretrained_minus_random,3,0.7461,0.6471,0.7461,0.099,0.0859,0.1094,,s7:+0.102;s17:+0.086;s27:+0.109
olmo2_13b,P7_anomaly_present,macro_f1,p25,pretrained_minus_random,3,0.744,0.642,0.744,0.102,0.0898,0.1117,,s7:+0.105;s17:+0.090;s27:+0.112
olmo2_13b,P8_anomaly_location,balanced_accuracy,p25,pretrained_minus_random,3,0.2666,0.1692,0.2666,0.0974,0.0897,0.1026,,s7:+0.100;s17:+0.090;s27:+0.103
olmo2_13b,P8_anomaly_location,macro_f1,p25,pretrained_minus_random,3,0.2616,0.1691,0.2616,0.0925,0.0828,0.0994,,s7:+0.099;s17:+0.083;s27:+0.095
olmo2_13b,P9_changepoint_present,balanced_accuracy,p25,pretrained_minus_random,3,0.9831,0.9701,0.9831,0.013,0.0039,0.0195,,s7:+0.020;s17:+0.016;s27:+0.004
olmo2_13b,P9_changepoint_present,macro_f1,p25,pretrained_minus_random,3,0.9831,0.97,0.9831,0.013,0.0039,0.0196,,s7:+0.020;s17:+0.016;s27:+0.004
olmo2_13b,P10_changepoint_location,balanced_accuracy,p50,pretrained_minus_random,3,0.3678,0.3528,0.3678,0.015,-0.008,0.0422,,s7:+0.042;s17:+0.011;s27:-0.008
olmo2_13b,P10_changepoint_location,macro_f1,p50,pretrained_minus_random,3,0.3584,0.3339,0.3584,0.0245,0.0157,0.041,,s7:+0.041;s17:+0.016;s27:+0.017
olmo2_13b,P1_trend_direction,balanced_accuracy,p50,pretrained_minus_random,3,1.0,1.0,1.0,0.0,0.0,0.0,,s7:+0.000;s17:+0.000;s27:+0.000
olmo2_13b,P1_trend_direction,macro_f1,p50,pretrained_minus_random,3,1.0,1.0,1.0,0.0,0.0,0.0,,s7:+0.000;s17:+0.000;s27:+0.000
olmo2_13b,P2_trend_strength,balanced_accuracy,p50,pretrained_minus_random,3,0.3808,0.3337,0.3808,0.0471,0.0167,0.0939,,s7:+0.094;s17:+0.017;s27:+0.031
olmo2_13b,P2_trend_strength,macro_f1,p50,pretrained_minus_random,3,0.3764,0.3269,0.3764,0.0495,0.0233,0.082,,s7:+0.082;s17:+0.023;s27:+0.043
olmo2_13b,P2b_trend_strength_reg,r2,p50,pretrained_minus_random,3,-0.2684,-0.3882,-0.2684,0.1197,-0.0053,0.2662,,s7:-0.005;s17:+0.098;s27:+0.266
olmo2_13b,P2b_trend_strength_reg,nmae,p50,pretrained_minus_random,3,0.8828,0.9665,0.8828,-0.0837,-0.1215,-0.0447,,s7:-0.045;s17:-0.085;s27:-0.121
olmo2_13b,P3_periodicity_present,balanced_accuracy,p50,pretrained_minus_random,3,0.9847,0.9813,0.9847,0.0035,-0.0021,0.0104,,s7:-0.002;s17:+0.010;s27:+0.002
olmo2_13b,P3_periodicity_present,macro_f1,p50,pretrained_minus_random,3,0.9854,0.9812,0.9854,0.0041,-0.0001,0.0094,,s7:-0.000;s17:+0.009;s27:+0.003
olmo2_13b,P4_dominant_period,balanced_accuracy,p50,pretrained_minus_random,3,0.8993,0.3575,0.8993,0.5419,0.5169,0.5736,,s7:+0.517;s17:+0.535;s27:+0.574
olmo2_13b,P4_dominant_period,macro_f1,p50,pretrained_minus_random,3,0.8992,0.3489,0.8992,0.5503,0.5235,0.5816,,s7:+0.523;s17:+0.546;s27:+0.582
olmo2_13b,P4b_dominant_period_reg,r2,p50,pretrained_minus_random,3,0.9812,0.7445,0.9812,0.2367,0.2171,0.2614,,s7:+0.261;s17:+0.217;s27:+0.232
olmo2_13b,P4b_dominant_period_reg,nmae,p50,pretrained_minus_random,3,0.1037,0.3972,0.1037,-0.2935,-0.3115,-0.2796,,s7:-0.312;s17:-0.280;s27:-0.289
olmo2_13b,P5_local_dependence,balanced_accuracy,p50,pretrained_minus_random,3,0.4987,0.3707,0.4987,0.128,-0.0084,0.2237,,s7:+0.169;s17:-0.008;s27:+0.224
olmo2_13b,P5_local_dependence,macro_f1,p50,pretrained_minus_random,3,0.4922,0.3632,0.4922,0.129,-0.003,0.217,,s7:+0.173;s17:-0.003;s27:+0.217
olmo2_13b,P5b_local_dependence_reg,r2,p50,pretrained_minus_random,3,0.4026,-0.0918,0.4026,0.4943,0.3854,0.6873,,s7:+0.385;s17:+0.410;s27:+0.687
olmo2_13b,P5b_local_dependence_reg,nmae,p50,pretrained_minus_random,3,0.6179,0.8413,0.6179,-0.2234,-0.2901,-0.1725,,s7:-0.173;s17:-0.208;s27:-0.290
olmo2_13b,P6_noise_level,balanced_accuracy,p50,pretrained_minus_random,3,0.545,0.4512,0.545,0.0937,0.0857,0.1038,,s7:+0.104;s17:+0.092;s27:+0.086
olmo2_13b,P6_noise_level,macro_f1,p50,pretrained_minus_random,3,0.5445,0.4462,0.5445,0.0983,0.0907,0.1071,,s7:+0.107;s17:+0.097;s27:+0.091
olmo2_13b,P7_anomaly_present,balanced_accuracy,p50,pretrained_minus_random,3,0.75,0.6367,0.75,0.1133,0.1016,0.125,,s7:+0.125;s17:+0.113;s27:+0.102
olmo2_13b,P7_anomaly_present,macro_f1,p50,pretrained_minus_random,3,0.7487,0.6317,0.7487,0.117,0.1062,0.1296,,s7:+0.130;s17:+0.115;s27:+0.106
olmo2_13b,P8_anomaly_location,balanced_accuracy,p50,pretrained_minus_random,3,0.2393,0.1694,0.2393,0.0699,0.0281,0.1295,,s7:+0.052;s17:+0.028;s27:+0.129
olmo2_13b,P8_anomaly_location,macro_f1,p50,pretrained_minus_random,3,0.2277,0.1593,0.2277,0.0684,0.0355,0.1197,,s7:+0.050;s17:+0.035;s27:+0.120
olmo2_13b,P9_changepoint_present,balanced_accuracy,p50,pretrained_minus_random,3,0.9714,0.9714,0.9714,-0.0,-0.0156,0.0117,,s7:+0.012;s17:+0.004;s27:-0.016
olmo2_13b,P9_changepoint_present,macro_f1,p50,pretrained_minus_random,3,0.9714,0.9713,0.9714,0.0,-0.0156,0.0118,,s7:+0.012;s17:+0.004;s27:-0.016
olmo2_13b,P10_changepoint_location,balanced_accuracy,p75,pretrained_minus_random,3,0.3452,0.3623,0.3452,-0.0171,-0.0599,0.0601,,s7:-0.052;s17:+0.060;s27:-0.060
olmo2_13b,P10_changepoint_location,macro_f1,p75,pretrained_minus_random,3,0.3201,0.3409,0.3201,-0.0208,-0.0579,0.0245,,s7:-0.058;s17:+0.025;s27:-0.029
olmo2_13b,P1_trend_direction,balanced_accuracy,p75,pretrained_minus_random,3,1.0,1.0,1.0,0.0,0.0,0.0,,s7:+0.000;s17:+0.000;s27:+0.000
olmo2_13b,P1_trend_direction,macro_f1,p75,pretrained_minus_random,3,1.0,1.0,1.0,0.0,0.0,0.0,,s7:+0.000;s17:+0.000;s27:+0.000
olmo2_13b,P2_trend_strength,balanced_accuracy,p75,pretrained_minus_random,3,0.3916,0.3369,0.3916,0.0546,0.0192,0.0939,,s7:+0.094;s17:+0.051;s27:+0.019
olmo2_13b,P2_trend_strength,macro_f1,p75,pretrained_minus_random,3,0.3792,0.3285,0.3792,0.0507,0.0016,0.0909,,s7:+0.091;s17:+0.060;s27:+0.002
olmo2_13b,P2b_trend_strength_reg,r2,p75,pretrained_minus_random,3,-0.1534,-0.3312,-0.1534,0.1778,0.0806,0.3095,,s7:+0.143;s17:+0.081;s27:+0.310
olmo2_13b,P2b_trend_strength_reg,nmae,p75,pretrained_minus_random,3,0.8513,0.9393,0.8513,-0.088,-0.1574,-0.0254,,s7:-0.081;s17:-0.025;s27:-0.157
olmo2_13b,P3_periodicity_present,balanced_accuracy,p75,pretrained_minus_random,3,0.9819,0.9819,0.9819,-0.0,-0.0021,0.0021,,s7:+0.002;s17:-0.002;s27:+0.000
olmo2_13b,P3_periodicity_present,macro_f1,p75,pretrained_minus_random,3,0.9813,0.9823,0.9813,-0.001,-0.0061,0.0031,,s7:+0.003;s17:-0.006;s27:+0.000
olmo2_13b,P4_dominant_period,balanced_accuracy,p75,pretrained_minus_random,3,0.8285,0.3724,0.8285,0.4562,0.4289,0.4983,,s7:+0.441;s17:+0.429;s27:+0.498
olmo2_13b,P4_dominant_period,macro_f1,p75,pretrained_minus_random,3,0.8284,0.3634,0.8284,0.465,0.4433,0.5069,,s7:+0.445;s17:+0.443;s27:+0.507
olmo2_13b,P4b_dominant_period_reg,r2,p75,pretrained_minus_random,3,0.971,0.7488,0.971,0.2222,0.2078,0.2379,,s7:+0.238;s17:+0.221;s27:+0.208
olmo2_13b,P4b_dominant_period_reg,nmae,p75,pretrained_minus_random,3,0.1252,0.3936,0.1252,-0.2683,-0.2825,-0.2583,,s7:-0.282;s17:-0.264;s27:-0.258
olmo2_13b,P5_local_dependence,balanced_accuracy,p75,pretrained_minus_random,3,0.5083,0.3584,0.5083,0.1499,0.0844,0.2165,,s7:+0.149;s17:+0.084;s27:+0.217
olmo2_13b,P5_local_dependence,macro_f1,p75,pretrained_minus_random,3,0.4976,0.3499,0.4976,0.1477,0.084,0.2093,,s7:+0.150;s17:+0.084;s27:+0.209
olmo2_13b,P5b_local_dependence_reg,r2,p75,pretrained_minus_random,3,0.4185,-0.0476,0.4185,0.4661,0.3533,0.6673,,s7:+0.378;s17:+0.353;s27:+0.667
olmo2_13b,P5b_local_dependence_reg,nmae,p75,pretrained_minus_random,3,0.601,0.8288,0.601,-0.2278,-0.3103,-0.1731,,s7:-0.173;s17:-0.200;s27:-0.310
olmo2_13b,P6_noise_level,balanced_accuracy,p75,pretrained_minus_random,3,0.5299,0.4611,0.5299,0.0688,0.0197,0.0998,,s7:+0.100;s17:+0.020;s27:+0.087
olmo2_13b,P6_noise_level,macro_f1,p75,pretrained_minus_random,3,0.5269,0.457,0.5269,0.0699,0.0224,0.0954,,s7:+0.095;s17:+0.022;s27:+0.092
olmo2_13b,P7_anomaly_present,balanced_accuracy,p75,pretrained_minus_random,3,0.7695,0.6406,0.7695,0.1289,0.1094,0.168,,s7:+0.168;s17:+0.109;s27:+0.109
olmo2_13b,P7_anomaly_present,macro_f1,p75,pretrained_minus_random,3,0.7683,0.6354,0.7683,0.1329,0.1115,0.1739,,s7:+0.174;s17:+0.111;s27:+0.113
olmo2_13b,P8_anomaly_location,balanced_accuracy,p75,pretrained_minus_random,3,0.204,0.1607,0.204,0.0432,0.0177,0.0771,,s7:+0.035;s17:+0.018;s27:+0.077
olmo2_13b,P8_anomaly_location,macro_f1,p75,pretrained_minus_random,3,0.1926,0.1555,0.1926,0.0371,0.0198,0.0586,,s7:+0.033;s17:+0.020;s27:+0.059
olmo2_13b,P9_changepoint_present,balanced_accuracy,p75,pretrained_minus_random,3,0.9675,0.9727,0.9675,-0.0052,-0.0234,0.0195,,s7:+0.020;s17:-0.012;s27:-0.023
olmo2_13b,P9_changepoint_present,macro_f1,p75,pretrained_minus_random,3,0.9674,0.9726,0.9674,-0.0052,-0.0234,0.0196,,s7:+0.020;s17:-0.012;s27:-0.023
olmo2_13b,P10_changepoint_location,balanced_accuracy,final,pretrained_minus_random,3,0.3709,0.3718,0.3709,-0.0008,-0.0807,0.0575,,s7:+0.057;s17:+0.021;s27:-0.081
olmo2_13b,P10_changepoint_location,macro_f1,final,pretrained_minus_random,3,0.3451,0.3512,0.3451,-0.0062,-0.0668,0.0603,,s7:+0.060;s17:-0.012;s27:-0.067
olmo2_13b,P1_trend_direction,balanced_accuracy,final,pretrained_minus_random,3,1.0,1.0,1.0,0.0,0.0,0.0,,s7:+0.000;s17:+0.000;s27:+0.000
olmo2_13b,P1_trend_direction,macro_f1,final,pretrained_minus_random,3,1.0,1.0,1.0,0.0,0.0,0.0,,s7:+0.000;s17:+0.000;s27:+0.000
olmo2_13b,P2_trend_strength,balanced_accuracy,final,pretrained_minus_random,3,0.3977,0.3329,0.3977,0.0648,0.0576,0.0701,,s7:+0.070;s17:+0.058;s27:+0.067
olmo2_13b,P2_trend_strength,macro_f1,final,pretrained_minus_random,3,0.3935,0.3256,0.3935,0.0679,0.0653,0.0697,,s7:+0.070;s17:+0.065;s27:+0.069
olmo2_13b,P2b_trend_strength_reg,r2,final,pretrained_minus_random,3,-0.0514,-0.3395,-0.0514,0.2881,0.1802,0.375,,s7:+0.309;s17:+0.180;s27:+0.375
olmo2_13b,P2b_trend_strength_reg,nmae,final,pretrained_minus_random,3,0.8205,0.9432,0.8205,-0.1227,-0.1604,-0.0789,,s7:-0.129;s17:-0.079;s27:-0.160
olmo2_13b,P3_periodicity_present,balanced_accuracy,final,pretrained_minus_random,3,0.9854,0.9799,0.9854,0.0056,0.0021,0.0104,,s7:+0.010;s17:+0.004;s27:+0.002
olmo2_13b,P3_periodicity_present,macro_f1,final,pretrained_minus_random,3,0.9864,0.9802,0.9864,0.0062,0.0031,0.0125,,s7:+0.012;s17:+0.003;s27:+0.003
olmo2_13b,P4_dominant_period,balanced_accuracy,final,pretrained_minus_random,3,0.7971,0.3652,0.7971,0.4319,0.3957,0.5011,,s7:+0.399;s17:+0.396;s27:+0.501
olmo2_13b,P4_dominant_period,macro_f1,final,pretrained_minus_random,3,0.7973,0.359,0.7973,0.4383,0.4011,0.5056,,s7:+0.401;s17:+0.408;s27:+0.506
olmo2_13b,P4b_dominant_period_reg,r2,final,pretrained_minus_random,3,0.9675,0.7412,0.9675,0.2263,0.2155,0.2435,,s7:+0.243;s17:+0.216;s27:+0.220
olmo2_13b,P4b_dominant_period_reg,nmae,final,pretrained_minus_random,3,0.1332,0.4018,0.1332,-0.2686,-0.2821,-0.2614,,s7:-0.282;s17:-0.261;s27:-0.262
olmo2_13b,P5_local_dependence,balanced_accuracy,final,pretrained_minus_random,3,0.5074,0.3602,0.5074,0.1472,0.0995,0.2369,,s7:+0.100;s17:+0.105;s27:+0.237
olmo2_13b,P5_local_dependence,macro_f1,final,pretrained_minus_random,3,0.498,0.3528,0.498,0.1451,0.0987,0.2263,,s7:+0.099;s17:+0.110;s27:+0.226
olmo2_13b,P5b_local_dependence_reg,r2,final,pretrained_minus_random,3,0.4464,-0.0394,0.4464,0.4858,0.3627,0.669,,s7:+0.426;s17:+0.363;s27:+0.669
olmo2_13b,P5b_local_dependence_reg,nmae,final,pretrained_minus_random,3,0.5848,0.8231,0.5848,-0.2383,-0.3167,-0.1948,,s7:-0.203;s17:-0.195;s27:-0.317
olmo2_13b,P6_noise_level,balanced_accuracy,final,pretrained_minus_random,3,0.5277,0.4498,0.5277,0.0779,0.0552,0.0898,,s7:+0.090;s17:+0.055;s27:+0.089
olmo2_13b,P6_noise_level,macro_f1,final,pretrained_minus_random,3,0.5245,0.4455,0.5245,0.079,0.0589,0.09,,s7:+0.088;s17:+0.059;s27:+0.090
olmo2_13b,P7_anomaly_present,balanced_accuracy,final,pretrained_minus_random,3,0.7604,0.6367,0.7604,0.1237,0.1094,0.1406,,s7:+0.141;s17:+0.109;s27:+0.121
olmo2_13b,P7_anomaly_present,macro_f1,final,pretrained_minus_random,3,0.7586,0.6298,0.7586,0.1288,0.1177,0.1445,,s7:+0.144;s17:+0.118;s27:+0.124
olmo2_13b,P8_anomaly_location,balanced_accuracy,final,pretrained_minus_random,3,0.2298,0.1764,0.2298,0.0534,0.0482,0.0585,,s7:+0.058;s17:+0.048;s27:+0.054
olmo2_13b,P8_anomaly_location,macro_f1,final,pretrained_minus_random,3,0.2171,0.1647,0.2171,0.0524,0.046,0.0563,,s7:+0.056;s17:+0.055;s27:+0.046
olmo2_13b,P9_changepoint_present,balanced_accuracy,final,pretrained_minus_random,3,0.9609,0.9701,0.9609,-0.0091,-0.0195,0.0078,,s7:+0.008;s17:-0.020;s27:-0.016
olmo2_13b,P9_changepoint_present,macro_f1,final,pretrained_minus_random,3,0.9609,0.97,0.9609,-0.0091,-0.0195,0.0079,,s7:+0.008;s17:-0.020;s27:-0.016
olmo2_7b,P10_changepoint_location,balanced_accuracy,n/a,handcrafted,6,,,0.1859,,,,,
olmo2_7b,P10_changepoint_location,macro_f1,n/a,handcrafted,6,,,0.1824,,,,,
olmo2_7b,P1_trend_direction,balanced_accuracy,n/a,handcrafted,6,,,0.4849,,,,,
olmo2_7b,P1_trend_direction,macro_f1,n/a,handcrafted,6,,,0.4841,,,,,
olmo2_7b,P2_trend_strength,balanced_accuracy,n/a,handcrafted,6,,,0.4258,,,,,
olmo2_7b,P2_trend_strength,macro_f1,n/a,handcrafted,6,,,0.4253,,,,,
olmo2_7b,P2b_trend_strength_reg,r2,n/a,handcrafted,6,,,0.319,,,,,
olmo2_7b,P2b_trend_strength_reg,nmae,n/a,handcrafted,6,,,0.6699,,,,,
olmo2_7b,P3_periodicity_present,balanced_accuracy,n/a,handcrafted,6,,,0.9986,,,,,
olmo2_7b,P3_periodicity_present,macro_f1,n/a,handcrafted,6,,,0.999,,,,,
olmo2_7b,P4_dominant_period,balanced_accuracy,n/a,handcrafted,6,,,0.977,,,,,
olmo2_7b,P4_dominant_period,macro_f1,n/a,handcrafted,6,,,0.9772,,,,,
olmo2_7b,P4b_dominant_period_reg,r2,n/a,handcrafted,6,,,0.9213,,,,,
olmo2_7b,P4b_dominant_period_reg,nmae,n/a,handcrafted,6,,,0.2233,,,,,
olmo2_7b,P5_local_dependence,balanced_accuracy,n/a,handcrafted,6,,,0.5555,,,,,
olmo2_7b,P5_local_dependence,macro_f1,n/a,handcrafted,6,,,0.5362,,,,,
olmo2_7b,P5b_local_dependence_reg,r2,n/a,handcrafted,6,,,0.6624,,,,,
olmo2_7b,P5b_local_dependence_reg,nmae,n/a,handcrafted,6,,,0.4572,,,,,
olmo2_7b,P6_noise_level,balanced_accuracy,n/a,handcrafted,6,,,0.5013,,,,,
olmo2_7b,P6_noise_level,macro_f1,n/a,handcrafted,6,,,0.4413,,,,,
olmo2_7b,P7_anomaly_present,balanced_accuracy,n/a,handcrafted,6,,,0.7292,,,,,
olmo2_7b,P7_anomaly_present,macro_f1,n/a,handcrafted,6,,,0.7283,,,,,
olmo2_7b,P8_anomaly_location,balanced_accuracy,n/a,handcrafted,6,,,0.1508,,,,,
olmo2_7b,P8_anomaly_location,macro_f1,n/a,handcrafted,6,,,0.1364,,,,,
olmo2_7b,P9_changepoint_present,balanced_accuracy,n/a,handcrafted,6,,,0.8581,,,,,
olmo2_7b,P9_changepoint_present,macro_f1,n/a,handcrafted,6,,,0.858,,,,,
olmo2_7b,P10_changepoint_location,balanced_accuracy,L1,pretrained_minus_random,3,0.2851,0.3768,0.2851,-0.0917,-0.1474,-0.0189,,s7:-0.019;s17:-0.109;s27:-0.147
olmo2_7b,P10_changepoint_location,macro_f1,L1,pretrained_minus_random,3,0.2724,0.3662,0.2724,-0.0938,-0.1481,-0.0298,,s7:-0.030;s17:-0.104;s27:-0.148
olmo2_7b,P1_trend_direction,balanced_accuracy,L1,pretrained_minus_random,3,1.0,1.0,1.0,0.0,0.0,0.0,,s7:+0.000;s17:+0.000;s27:+0.000
olmo2_7b,P1_trend_direction,macro_f1,L1,pretrained_minus_random,3,1.0,1.0,1.0,0.0,0.0,0.0,,s7:+0.000;s17:+0.000;s27:+0.000
olmo2_7b,P2_trend_strength,balanced_accuracy,L1,pretrained_minus_random,3,0.2836,0.3123,0.2836,-0.0287,-0.0654,0.0185,,s7:-0.065;s17:+0.018;s27:-0.039
olmo2_7b,P2_trend_strength,macro_f1,L1,pretrained_minus_random,3,0.2763,0.3078,0.2763,-0.0315,-0.0669,0.018,,s7:-0.067;s17:+0.018;s27:-0.046
olmo2_7b,P2b_trend_strength_reg,r2,L1,pretrained_minus_random,3,-0.4329,-0.7699,-0.4329,0.3371,0.1789,0.633,,s7:+0.633;s17:+0.179;s27:+0.199
olmo2_7b,P2b_trend_strength_reg,nmae,L1,pretrained_minus_random,3,0.963,1.0379,0.963,-0.0749,-0.1731,-0.0162,,s7:-0.173;s17:-0.016;s27:-0.035
olmo2_7b,P3_periodicity_present,balanced_accuracy,L1,pretrained_minus_random,3,0.9611,0.9722,0.9611,-0.0111,-0.025,0.0083,,s7:-0.025;s17:+0.008;s27:-0.017
olmo2_7b,P3_periodicity_present,macro_f1,L1,pretrained_minus_random,3,0.9538,0.968,0.9538,-0.0142,-0.0278,0.0063,,s7:-0.028;s17:+0.006;s27:-0.021
olmo2_7b,P4_dominant_period,balanced_accuracy,L1,pretrained_minus_random,3,0.1634,0.1841,0.1634,-0.0207,-0.0376,-0.0018,,s7:-0.023;s17:-0.038;s27:-0.002
olmo2_7b,P4_dominant_period,macro_f1,L1,pretrained_minus_random,3,0.1616,0.1834,0.1616,-0.0218,-0.0416,-0.0038,,s7:-0.020;s17:-0.042;s27:-0.004
olmo2_7b,P4b_dominant_period_reg,r2,L1,pretrained_minus_random,3,-0.2348,-0.8503,-0.2348,0.6155,0.52,0.69,,s7:+0.520;s17:+0.636;s27:+0.690
olmo2_7b,P4b_dominant_period_reg,nmae,L1,pretrained_minus_random,3,0.8781,1.0718,0.8781,-0.1937,-0.2214,-0.1764,,s7:-0.183;s17:-0.176;s27:-0.221
olmo2_7b,P5_local_dependence,balanced_accuracy,L1,pretrained_minus_random,3,0.2964,0.2826,0.2964,0.0138,-0.0284,0.0625,,s7:+0.062;s17:+0.007;s27:-0.028
olmo2_7b,P5_local_dependence,macro_f1,L1,pretrained_minus_random,3,0.2928,0.2797,0.2928,0.0131,-0.0289,0.0627,,s7:+0.063;s17:+0.006;s27:-0.029
olmo2_7b,P5b_local_dependence_reg,r2,L1,pretrained_minus_random,3,-0.6838,-0.819,-0.6838,0.1352,-0.0088,0.2459,,s7:-0.009;s17:+0.246;s27:+0.168
olmo2_7b,P5b_local_dependence_reg,nmae,L1,pretrained_minus_random,3,1.0389,1.0849,1.0389,-0.046,-0.0975,0.017,,s7:+0.017;s17:-0.097;s27:-0.058
olmo2_7b,P6_noise_level,balanced_accuracy,L1,pretrained_minus_random,3,0.3789,0.4573,0.3789,-0.0784,-0.1106,-0.0149,,s7:-0.110;s17:-0.111;s27:-0.015
olmo2_7b,P6_noise_level,macro_f1,L1,pretrained_minus_random,3,0.3591,0.4562,0.3591,-0.0971,-0.1327,-0.0323,,s7:-0.133;s17:-0.126;s27:-0.032
olmo2_7b,P7_anomaly_present,balanced_accuracy,L1,pretrained_minus_random,3,0.5859,0.6081,0.5859,-0.0221,-0.0586,0.0273,,s7:-0.059;s17:-0.035;s27:+0.027
olmo2_7b,P7_anomaly_present,macro_f1,L1,pretrained_minus_random,3,0.5819,0.6064,0.5819,-0.0245,-0.062,0.0267,,s7:-0.062;s17:-0.038;s27:+0.027
olmo2_7b,P8_anomaly_location,balanced_accuracy,L1,pretrained_minus_random,3,0.1701,0.2039,0.1701,-0.0338,-0.0637,-0.0178,,s7:-0.064;s17:-0.018;s27:-0.020
olmo2_7b,P8_anomaly_location,macro_f1,L1,pretrained_minus_random,3,0.1674,0.2023,0.1674,-0.0349,-0.0732,-0.0157,,s7:-0.073;s17:-0.016;s27:-0.016
olmo2_7b,P9_changepoint_present,balanced_accuracy,L1,pretrained_minus_random,3,0.9492,0.9492,0.9492,-0.0,-0.0156,0.0078,,s7:+0.008;s17:+0.008;s27:-0.016
olmo2_7b,P9_changepoint_present,macro_f1,L1,pretrained_minus_random,3,0.9492,0.9491,0.9492,0.0001,-0.0156,0.0079,,s7:+0.008;s17:+0.008;s27:-0.016
olmo2_7b,P10_changepoint_location,balanced_accuracy,p25,pretrained_minus_random,3,0.4068,0.3417,0.4068,0.0651,0.0315,0.0833,,s7:+0.081;s17:+0.031;s27:+0.083
olmo2_7b,P10_changepoint_location,macro_f1,p25,pretrained_minus_random,3,0.3847,0.3395,0.3847,0.0452,0.03,0.0737,,s7:+0.074;s17:+0.030;s27:+0.032
olmo2_7b,P1_trend_direction,balanced_accuracy,p25,pretrained_minus_random,3,1.0,1.0,1.0,0.0,0.0,0.0,,s7:+0.000;s17:+0.000;s27:+0.000
olmo2_7b,P1_trend_direction,macro_f1,p25,pretrained_minus_random,3,1.0,1.0,1.0,0.0,0.0,0.0,,s7:+0.000;s17:+0.000;s27:+0.000
olmo2_7b,P2_trend_strength,balanced_accuracy,p25,pretrained_minus_random,3,0.3652,0.3064,0.3652,0.0588,-0.0382,0.1211,,s7:-0.038;s17:+0.094;s27:+0.121
olmo2_7b,P2_trend_strength,macro_f1,p25,pretrained_minus_random,3,0.3583,0.3016,0.3583,0.0568,-0.0413,0.1146,,s7:-0.041;s17:+0.097;s27:+0.115
olmo2_7b,P2b_trend_strength_reg,r2,p25,pretrained_minus_random,3,-0.2763,-0.521,-0.2763,0.2448,0.1168,0.4218,,s7:+0.422;s17:+0.196;s27:+0.117
olmo2_7b,P2b_trend_strength_reg,nmae,p25,pretrained_minus_random,3,0.9069,0.9893,0.9069,-0.0825,-0.1418,-0.0343,,s7:-0.142;s17:-0.071;s27:-0.034
olmo2_7b,P3_periodicity_present,balanced_accuracy,p25,pretrained_minus_random,3,0.9792,0.9813,0.9792,-0.0021,-0.0146,0.0083,,s7:-0.015;s17:+0.008;s27:+0.000
olmo2_7b,P3_periodicity_present,macro_f1,p25,pretrained_minus_random,3,0.9802,0.9803,0.9802,-0.0001,-0.0126,0.0124,,s7:-0.013;s17:+0.012;s27:+0.000
olmo2_7b,P4_dominant_period,balanced_accuracy,p25,pretrained_minus_random,3,0.5803,0.347,0.5803,0.2333,0.2067,0.2812,,s7:+0.212;s17:+0.207;s27:+0.281
olmo2_7b,P4_dominant_period,macro_f1,p25,pretrained_minus_random,3,0.5726,0.3425,0.5726,0.2301,0.1998,0.283,,s7:+0.208;s17:+0.200;s27:+0.283
olmo2_7b,P4b_dominant_period_reg,r2,p25,pretrained_minus_random,3,0.9432,0.6907,0.9432,0.2525,0.2442,0.263,,s7:+0.250;s17:+0.244;s27:+0.263
olmo2_7b,P4b_dominant_period_reg,nmae,p25,pretrained_minus_random,3,0.1792,0.4325,0.1792,-0.2533,-0.258,-0.249,,s7:-0.249;s17:-0.258;s27:-0.253
olmo2_7b,P5_local_dependence,balanced_accuracy,p25,pretrained_minus_random,3,0.4541,0.3401,0.4541,0.1141,0.0977,0.1278,,s7:+0.128;s17:+0.117;s27:+0.098
olmo2_7b,P5_local_dependence,macro_f1,p25,pretrained_minus_random,3,0.4386,0.3371,0.4386,0.1016,0.0737,0.1163,,s7:+0.115;s17:+0.116;s27:+0.074
olmo2_7b,P5b_local_dependence_reg,r2,p25,pretrained_minus_random,3,0.2974,-0.1195,0.2974,0.417,0.241,0.6786,,s7:+0.241;s17:+0.331;s27:+0.679
olmo2_7b,P5b_local_dependence_reg,nmae,p25,pretrained_minus_random,3,0.6624,0.8694,0.6624,-0.207,-0.3361,-0.131,,s7:-0.131;s17:-0.154;s27:-0.336
olmo2_7b,P6_noise_level,balanced_accuracy,p25,pretrained_minus_random,3,0.4497,0.4553,0.4497,-0.0055,-0.0361,0.029,,s7:-0.036;s17:+0.029;s27:-0.009
olmo2_7b,P6_noise_level,macro_f1,p25,pretrained_minus_random,3,0.4485,0.4518,0.4485,-0.0032,-0.037,0.0307,,s7:-0.037;s17:+0.031;s27:-0.003
olmo2_7b,P7_anomaly_present,balanced_accuracy,p25,pretrained_minus_random,3,0.7318,0.6354,0.7318,0.0964,0.0508,0.1484,,s7:+0.051;s17:+0.148;s27:+0.090
olmo2_7b,P7_anomaly_present,macro_f1,p25,pretrained_minus_random,3,0.7308,0.631,0.7308,0.0998,0.0546,0.1511,,s7:+0.055;s17:+0.151;s27:+0.094
olmo2_7b,P8_anomaly_location,balanced_accuracy,p25,pretrained_minus_random,3,0.2135,0.1915,0.2135,0.0219,0.0013,0.0381,,s7:+0.026;s17:+0.038;s27:+0.001
olmo2_7b,P8_anomaly_location,macro_f1,p25,pretrained_minus_random,3,0.2104,0.1864,0.2104,0.024,0.0006,0.0363,,s7:+0.035;s17:+0.036;s27:+0.001
olmo2_7b,P9_changepoint_present,balanced_accuracy,p25,pretrained_minus_random,3,0.9857,0.9622,0.9857,0.0234,0.0078,0.0352,,s7:+0.027;s17:+0.035;s27:+0.008
olmo2_7b,P9_changepoint_present,macro_f1,p25,pretrained_minus_random,3,0.9857,0.9622,0.9857,0.0235,0.0078,0.0352,,s7:+0.027;s17:+0.035;s27:+0.008
olmo2_7b,P10_changepoint_location,balanced_accuracy,p50,pretrained_minus_random,3,0.3529,0.3875,0.3529,-0.0346,-0.1118,0.029,,s7:+0.029;s17:-0.021;s27:-0.112
olmo2_7b,P10_changepoint_location,macro_f1,p50,pretrained_minus_random,3,0.3448,0.3782,0.3448,-0.0334,-0.1023,0.0274,,s7:+0.027;s17:-0.025;s27:-0.102
olmo2_7b,P1_trend_direction,balanced_accuracy,p50,pretrained_minus_random,3,1.0,1.0,1.0,0.0,0.0,0.0,,s7:+0.000;s17:+0.000;s27:+0.000
olmo2_7b,P1_trend_direction,macro_f1,p50,pretrained_minus_random,3,1.0,1.0,1.0,0.0,0.0,0.0,,s7:+0.000;s17:+0.000;s27:+0.000
olmo2_7b,P2_trend_strength,balanced_accuracy,p50,pretrained_minus_random,3,0.3841,0.3176,0.3841,0.0665,0.0535,0.0772,,s7:+0.069;s17:+0.077;s27:+0.053
olmo2_7b,P2_trend_strength,macro_f1,p50,pretrained_minus_random,3,0.3736,0.3114,0.3736,0.0622,0.0488,0.0828,,s7:+0.055;s17:+0.083;s27:+0.049
olmo2_7b,P2b_trend_strength_reg,r2,p50,pretrained_minus_random,3,-0.2942,-0.4019,-0.2942,0.1077,0.0106,0.2179,,s7:+0.218;s17:+0.011;s27:+0.095
olmo2_7b,P2b_trend_strength_reg,nmae,p50,pretrained_minus_random,3,0.9125,0.9543,0.9125,-0.0418,-0.0736,-0.0251,,s7:-0.074;s17:-0.025;s27:-0.027
olmo2_7b,P3_periodicity_present,balanced_accuracy,p50,pretrained_minus_random,3,0.9833,0.9826,0.9833,0.0007,-0.0042,0.0062,,s7:+0.000;s17:+0.006;s27:-0.004
olmo2_7b,P3_periodicity_present,macro_f1,p50,pretrained_minus_random,3,0.9864,0.9813,0.9864,0.0051,-0.0001,0.0093,,s7:+0.006;s17:+0.009;s27:-0.000
olmo2_7b,P4_dominant_period,balanced_accuracy,p50,pretrained_minus_random,3,0.8928,0.3576,0.8928,0.5352,0.5074,0.5759,,s7:+0.507;s17:+0.522;s27:+0.576
olmo2_7b,P4_dominant_period,macro_f1,p50,pretrained_minus_random,3,0.8931,0.3516,0.8931,0.5415,0.5092,0.5813,,s7:+0.509;s17:+0.534;s27:+0.581
olmo2_7b,P4b_dominant_period_reg,r2,p50,pretrained_minus_random,3,0.9771,0.7056,0.9771,0.2715,0.2332,0.3065,,s7:+0.275;s17:+0.233;s27:+0.306
olmo2_7b,P4b_dominant_period_reg,nmae,p50,pretrained_minus_random,3,0.1125,0.4215,0.1125,-0.309,-0.3271,-0.2883,,s7:-0.312;s17:-0.288;s27:-0.327
olmo2_7b,P5_local_dependence,balanced_accuracy,p50,pretrained_minus_random,3,0.5029,0.3551,0.5029,0.1478,0.1311,0.1588,,s7:+0.153;s17:+0.131;s27:+0.159
olmo2_7b,P5_local_dependence,macro_f1,p50,pretrained_minus_random,3,0.495,0.3514,0.495,0.1436,0.1285,0.1537,,s7:+0.154;s17:+0.129;s27:+0.149
olmo2_7b,P5b_local_dependence_reg,r2,p50,pretrained_minus_random,3,0.3529,-0.038,0.3529,0.3909,0.2863,0.5627,,s7:+0.286;s17:+0.324;s27:+0.563
olmo2_7b,P5b_local_dependence_reg,nmae,p50,pretrained_minus_random,3,0.6416,0.8295,0.6416,-0.1879,-0.2544,-0.1497,,s7:-0.160;s17:-0.150;s27:-0.254
olmo2_7b,P6_noise_level,balanced_accuracy,p50,pretrained_minus_random,3,0.5689,0.4506,0.5689,0.1182,0.0784,0.1407,,s7:+0.141;s17:+0.136;s27:+0.078
olmo2_7b,P6_noise_level,macro_f1,p50,pretrained_minus_random,3,0.5682,0.4454,0.5682,0.1228,0.0882,0.1435,,s7:+0.143;s17:+0.137;s27:+0.088
olmo2_7b,P7_anomaly_present,balanced_accuracy,p50,pretrained_minus_random,3,0.7474,0.6419,0.7474,0.1055,0.082,0.1172,,s7:+0.117;s17:+0.117;s27:+0.082
olmo2_7b,P7_anomaly_present,macro_f1,p50,pretrained_minus_random,3,0.746,0.6351,0.746,0.1109,0.0852,0.1246,,s7:+0.123;s17:+0.125;s27:+0.085
olmo2_7b,P8_anomaly_location,balanced_accuracy,p50,pretrained_minus_random,3,0.2448,0.1655,0.2448,0.0793,0.0153,0.1258,,s7:+0.097;s17:+0.126;s27:+0.015
olmo2_7b,P8_anomaly_location,macro_f1,p50,pretrained_minus_random,3,0.2352,0.159,0.2352,0.0761,0.0168,0.1258,,s7:+0.086;s17:+0.126;s27:+0.017
olmo2_7b,P9_changepoint_present,balanced_accuracy,p50,pretrained_minus_random,3,0.9792,0.9609,0.9792,0.0182,0.0039,0.0312,,s7:+0.031;s17:+0.020;s27:+0.004
olmo2_7b,P9_changepoint_present,macro_f1,p50,pretrained_minus_random,3,0.9792,0.9609,0.9792,0.0183,0.0039,0.0314,,s7:+0.031;s17:+0.020;s27:+0.004
olmo2_7b,P10_changepoint_location,balanced_accuracy,p75,pretrained_minus_random,3,0.3358,0.3524,0.3358,-0.0167,-0.0576,0.0175,,s7:+0.017;s17:-0.010;s27:-0.058
olmo2_7b,P10_changepoint_location,macro_f1,p75,pretrained_minus_random,3,0.3317,0.3457,0.3317,-0.0141,-0.059,0.0162,,s7:+0.016;s17:+0.001;s27:-0.059
olmo2_7b,P1_trend_direction,balanced_accuracy,p75,pretrained_minus_random,3,1.0,1.0,1.0,0.0,0.0,0.0,,s7:+0.000;s17:+0.000;s27:+0.000
olmo2_7b,P1_trend_direction,macro_f1,p75,pretrained_minus_random,3,1.0,1.0,1.0,0.0,0.0,0.0,,s7:+0.000;s17:+0.000;s27:+0.000
olmo2_7b,P2_trend_strength,balanced_accuracy,p75,pretrained_minus_random,3,0.3737,0.3354,0.3737,0.0383,-0.0091,0.1013,,s7:+0.023;s17:-0.009;s27:+0.101
olmo2_7b,P2_trend_strength,macro_f1,p75,pretrained_minus_random,3,0.368,0.3323,0.368,0.0357,-0.0029,0.0911,,s7:+0.019;s17:-0.003;s27:+0.091
olmo2_7b,P2b_trend_strength_reg,r2,p75,pretrained_minus_random,3,-0.2688,-0.4175,-0.2688,0.1486,0.113,0.1947,,s7:+0.195;s17:+0.113;s27:+0.138
olmo2_7b,P2b_trend_strength_reg,nmae,p75,pretrained_minus_random,3,0.89,0.9655,0.89,-0.0755,-0.1171,-0.0403,,s7:-0.117;s17:-0.069;s27:-0.040
olmo2_7b,P3_periodicity_present,balanced_accuracy,p75,pretrained_minus_random,3,0.9882,0.9819,0.9882,0.0063,0.0,0.0104,,s7:+0.010;s17:+0.008;s27:+0.000
olmo2_7b,P3_periodicity_present,macro_f1,p75,pretrained_minus_random,3,0.9906,0.9803,0.9906,0.0103,0.0,0.0184,,s7:+0.018;s17:+0.012;s27:+0.000
olmo2_7b,P4_dominant_period,balanced_accuracy,p75,pretrained_minus_random,3,0.8113,0.3627,0.8113,0.4486,0.4341,0.4751,,s7:+0.437;s17:+0.434;s27:+0.475
olmo2_7b,P4_dominant_period,macro_f1,p75,pretrained_minus_random,3,0.8094,0.356,0.8094,0.4534,0.4416,0.4749,,s7:+0.442;s17:+0.444;s27:+0.475
olmo2_7b,P4b_dominant_period_reg,r2,p75,pretrained_minus_random,3,0.966,0.7081,0.966,0.2579,0.2147,0.2947,,s7:+0.264;s17:+0.215;s27:+0.295
olmo2_7b,P4b_dominant_period_reg,nmae,p75,pretrained_minus_random,3,0.1373,0.4191,0.1373,-0.2818,-0.3012,-0.2553,,s7:-0.289;s17:-0.255;s27:-0.301
olmo2_7b,P5_local_dependence,balanced_accuracy,p75,pretrained_minus_random,3,0.4765,0.3461,0.4765,0.1304,0.1121,0.1587,,s7:+0.159;s17:+0.112;s27:+0.120
olmo2_7b,P5_local_dependence,macro_f1,p75,pretrained_minus_random,3,0.4674,0.3407,0.4674,0.1267,0.1071,0.1622,,s7:+0.162;s17:+0.107;s27:+0.111
olmo2_7b,P5b_local_dependence_reg,r2,p75,pretrained_minus_random,3,0.377,-0.0417,0.377,0.4187,0.2728,0.599,,s7:+0.273;s17:+0.384;s27:+0.599
olmo2_7b,P5b_local_dependence_reg,nmae,p75,pretrained_minus_random,3,0.6242,0.8254,0.6242,-0.2013,-0.2726,-0.1469,,s7:-0.147;s17:-0.184;s27:-0.273
olmo2_7b,P6_noise_level,balanced_accuracy,p75,pretrained_minus_random,3,0.5556,0.4438,0.5556,0.1118,0.0819,0.1547,,s7:+0.155;s17:+0.099;s27:+0.082
olmo2_7b,P6_noise_level,macro_f1,p75,pretrained_minus_random,3,0.5557,0.4403,0.5557,0.1154,0.0875,0.1592,,s7:+0.159;s17:+0.099;s27:+0.087
olmo2_7b,P7_anomaly_present,balanced_accuracy,p75,pretrained_minus_random,3,0.7617,0.6198,0.7617,0.1419,0.1055,0.1836,,s7:+0.105;s17:+0.184;s27:+0.137
olmo2_7b,P7_anomaly_present,macro_f1,p75,pretrained_minus_random,3,0.7605,0.6137,0.7605,0.1467,0.1085,0.1895,,s7:+0.109;s17:+0.190;s27:+0.142
olmo2_7b,P8_anomaly_location,balanced_accuracy,p75,pretrained_minus_random,3,0.2193,0.1639,0.2193,0.0554,0.0201,0.0911,,s7:+0.020;s17:+0.091;s27:+0.055
olmo2_7b,P8_anomaly_location,macro_f1,p75,pretrained_minus_random,3,0.2153,0.1544,0.2153,0.0609,0.0239,0.0894,,s7:+0.024;s17:+0.089;s27:+0.069
olmo2_7b,P9_changepoint_present,balanced_accuracy,p75,pretrained_minus_random,3,0.9727,0.9609,0.9727,0.0117,-0.0039,0.043,,s7:+0.043;s17:-0.004;s27:-0.004
olmo2_7b,P9_changepoint_present,macro_f1,p75,pretrained_minus_random,3,0.9726,0.9609,0.9726,0.0118,-0.0039,0.0432,,s7:+0.043;s17:-0.004;s27:-0.004
olmo2_7b,P10_changepoint_location,balanced_accuracy,final,pretrained_minus_random,3,0.3241,0.3547,0.3241,-0.0305,-0.0578,0.0099,,s7:+0.010;s17:-0.058;s27:-0.044
olmo2_7b,P10_changepoint_location,macro_f1,final,pretrained_minus_random,3,0.3151,0.349,0.3151,-0.0338,-0.0569,0.0082,,s7:+0.008;s17:-0.057;s27:-0.053
olmo2_7b,P1_trend_direction,balanced_accuracy,final,pretrained_minus_random,3,1.0,1.0,1.0,0.0,0.0,0.0,,s7:+0.000;s17:+0.000;s27:+0.000
olmo2_7b,P1_trend_direction,macro_f1,final,pretrained_minus_random,3,1.0,1.0,1.0,0.0,0.0,0.0,,s7:+0.000;s17:+0.000;s27:+0.000
olmo2_7b,P2_trend_strength,balanced_accuracy,final,pretrained_minus_random,3,0.3891,0.3181,0.3891,0.071,0.0071,0.1408,,s7:+0.065;s17:+0.007;s27:+0.141
olmo2_7b,P2_trend_strength,macro_f1,final,pretrained_minus_random,3,0.3839,0.3142,0.3839,0.0697,0.0156,0.1359,,s7:+0.058;s17:+0.016;s27:+0.136
olmo2_7b,P2b_trend_strength_reg,r2,final,pretrained_minus_random,3,-0.2498,-0.3495,-0.2498,0.0997,0.0478,0.186,,s7:+0.186;s17:+0.065;s27:+0.048
olmo2_7b,P2b_trend_strength_reg,nmae,final,pretrained_minus_random,3,0.8777,0.944,0.8777,-0.0663,-0.1112,-0.0393,,s7:-0.111;s17:-0.048;s27:-0.039
olmo2_7b,P3_periodicity_present,balanced_accuracy,final,pretrained_minus_random,3,0.9882,0.9826,0.9882,0.0056,-0.0042,0.0125,,s7:+0.013;s17:+0.008;s27:-0.004
olmo2_7b,P3_periodicity_present,macro_f1,final,pretrained_minus_random,3,0.9885,0.9813,0.9885,0.0072,-0.0031,0.0155,,s7:+0.016;s17:+0.009;s27:-0.003
olmo2_7b,P4_dominant_period,balanced_accuracy,final,pretrained_minus_random,3,0.7666,0.3548,0.7666,0.4118,0.3789,0.4571,,s7:+0.379;s17:+0.399;s27:+0.457
olmo2_7b,P4_dominant_period,macro_f1,final,pretrained_minus_random,3,0.763,0.3479,0.763,0.4151,0.3852,0.4566,,s7:+0.385;s17:+0.404;s27:+0.457
olmo2_7b,P4b_dominant_period_reg,r2,final,pretrained_minus_random,3,0.9605,0.6983,0.9605,0.2622,0.2309,0.2982,,s7:+0.258;s17:+0.231;s27:+0.298
olmo2_7b,P4b_dominant_period_reg,nmae,final,pretrained_minus_random,3,0.1523,0.4285,0.1523,-0.2762,-0.3,-0.2544,,s7:-0.274;s17:-0.254;s27:-0.300
olmo2_7b,P5_local_dependence,balanced_accuracy,final,pretrained_minus_random,3,0.5103,0.3639,0.5103,0.1464,0.1354,0.1542,,s7:+0.154;s17:+0.135;s27:+0.150
olmo2_7b,P5_local_dependence,macro_f1,final,pretrained_minus_random,3,0.5003,0.3546,0.5003,0.1457,0.1333,0.1629,,s7:+0.163;s17:+0.133;s27:+0.141
olmo2_7b,P5b_local_dependence_reg,r2,final,pretrained_minus_random,3,0.3696,-0.0558,0.3696,0.4254,0.2639,0.6368,,s7:+0.264;s17:+0.375;s27:+0.637
olmo2_7b,P5b_local_dependence_reg,nmae,final,pretrained_minus_random,3,0.6262,0.8264,0.6262,-0.2001,-0.2878,-0.1545,,s7:-0.158;s17:-0.154;s27:-0.288
olmo2_7b,P6_noise_level,balanced_accuracy,final,pretrained_minus_random,3,0.5536,0.4376,0.5536,0.116,0.0908,0.1515,,s7:+0.152;s17:+0.106;s27:+0.091
olmo2_7b,P6_noise_level,macro_f1,final,pretrained_minus_random,3,0.5532,0.4339,0.5532,0.1193,0.0943,0.157,,s7:+0.157;s17:+0.107;s27:+0.094
olmo2_7b,P7_anomaly_present,balanced_accuracy,final,pretrained_minus_random,3,0.7487,0.6328,0.7487,0.1159,0.1016,0.1445,,s7:+0.102;s17:+0.145;s27:+0.102
olmo2_7b,P7_anomaly_present,macro_f1,final,pretrained_minus_random,3,0.7478,0.6266,0.7478,0.1212,0.104,0.1519,,s7:+0.104;s17:+0.152;s27:+0.108
olmo2_7b,P8_anomaly_location,balanced_accuracy,final,pretrained_minus_random,3,0.2047,0.1658,0.2047,0.0389,0.0174,0.0689,,s7:+0.030;s17:+0.069;s27:+0.017
olmo2_7b,P8_anomaly_location,macro_f1,final,pretrained_minus_random,3,0.1985,0.1682,0.1985,0.0303,0.0138,0.0621,,s7:+0.015;s17:+0.062;s27:+0.014
olmo2_7b,P9_changepoint_present,balanced_accuracy,final,pretrained_minus_random,3,0.9714,0.9688,0.9714,0.0026,-0.0117,0.0234,,s7:+0.023;s17:-0.012;s27:-0.004
olmo2_7b,P9_changepoint_present,macro_f1,final,pretrained_minus_random,3,0.9713,0.9687,0.9713,0.0026,-0.0117,0.0235,,s7:+0.024;s17:-0.012;s27:-0.004
